id,title,company,location,link,date_posted
1,Data Analyst,Meta,New York City,https://www.linkedin.com/jobs/view/data-analyst-at-meta-4186238974,4/14/2025
2,Data Analyst,Meta,San Francisco,https://www.linkedin.com/jobs/view/data-analyst-at-meta-4186241553,4/14/2025
3,Data Analyst,Meta,Los Angeles,https://www.linkedin.com/jobs/view/data-analyst-at-meta-4186236994,4/14/2025
4,Data Analyst,Meta,"Washington, D.C.",https://www.linkedin.com/jobs/view/data-analyst-at-meta-4186237989,4/14/2025
5,Data Analyst II,Pinterest,Chicago,https://www.linkedin.com/jobs/view/data-analyst-ii-at-pinterest-4193349988,4/16/2025
6,Data Analyst,FanDuel,New York City,https://www.linkedin.com/jobs/view/data-analyst-at-fanduel-4206047782,4/11/2025
7,"Data Analyst, Production Finance Operations & Innovation",Netflix,Los Angeles,https://www.linkedin.com/jobs/view/data-analyst-production-finance-operations-innovation-at-netflix-4205626465,4/10/2025
8,Data Analyst - Marketing,FanDuel,New York City,https://www.linkedin.com/jobs/view/data-analyst-marketing-at-fanduel-4138322262,4/13/2025
9,Data Analyst,SBH Fashion,New York City,https://www.linkedin.com/jobs/view/data-analyst-at-sbh-fashion-4168179268,4/12/2025
14,Data Analyst II,Pinterest,New York City,https://www.linkedin.com/jobs/view/data-analyst-ii-at-pinterest-4193356222,4/16/2025
15,Data Analyst II,Pinterest,San Francisco,https://www.linkedin.com/jobs/view/data-analyst-ii-at-pinterest-4193351793,4/16/2025
16,"Data Analyst, Global Partnerships & Content",Meta,New York City,https://www.linkedin.com/jobs/view/data-analyst-global-partnerships-content-at-meta-4187153427,4/14/2025
29,Data Analyst,FanDuel,Atlanta,https://www.linkedin.com/jobs/view/data-analyst-at-fanduel-4206048749,4/11/2025
30,Data Analyst,FinThrive,United States,https://www.linkedin.com/jobs/view/data-analyst-at-finthrive-4208994892,4/15/2025
31,Senior Data Analyst,alice + olivia,New York City,https://www.linkedin.com/jobs/view/senior-data-analyst-at-alice-%2B-olivia-4190163049,4/15/2025
32,"Data Products Analyst, YouTube",Google,New York City,https://www.linkedin.com/jobs/view/data-products-analyst-youtube-at-google-4209686717,4/14/2025
34,Customer Relationship Management Analyst,Bvlgari,New York City Metropolitan Area,https://www.linkedin.com/jobs/view/customer-relationship-management-analyst-at-bvlgari-4184835114,4/11/2025
35,"Data Analyst - SQL, ERP",CyberCoders,"Yakima, Washington",https://www.linkedin.com/jobs/view/data-analyst-sql-erp-at-cybercoders-4172595144,4/15/2025
54,Marketing Data Analyst,TechHuman,United States,https://www.linkedin.com/jobs/view/marketing-data-analyst-at-techhuman-4206084851,4/11/2025
55,Data Analyst,Hamilton Porter,New York City,https://www.linkedin.com/jobs/view/data-analyst-at-hamilton-porter-4209790671,4/16/2025
56,Analytics Associate,Brooklinen,Brooklyn,https://www.linkedin.com/jobs/view/analytics-associate-at-brooklinen-4189094109,4/10/2025
57,Data Analyst I,Equip,United States,https://www.linkedin.com/jobs/view/data-analyst-i-at-equip-4172874483,4/16/2025
58,Data Analyst,Toyota North America,"Plano, Texas",https://www.linkedin.com/jobs/view/data-analyst-at-toyota-north-america-4210659515,4/15/2025
59,"Data & Analytics, Analyst",TikTok,Los Angeles,https://www.linkedin.com/jobs/view/data-analytics-analyst-at-tiktok-4210110419,4/16/2025
60,Junior Data Analyst - Remote,Lensa,United States,https://www.linkedin.com/jobs/view/junior-data-analyst-remote-at-lensa-4210127724,4/16/2025
61,"Data Products Analyst, YouTube",Google,Los Angeles,https://www.linkedin.com/jobs/view/data-products-analyst-youtube-at-google-4209686721,4/14/2025
62,"Data Products Analyst, YouTube",Google,"Mountain View, California",https://www.linkedin.com/jobs/view/data-products-analyst-youtube-at-google-4209686719,4/14/2025
63,"Data Products Analyst, YouTube",Google,"San Bruno, California",https://www.linkedin.com/jobs/view/data-products-analyst-youtube-at-google-4209686718,4/14/2025
64,Data Analyst,Sony,"Culver City, California",https://www.linkedin.com/jobs/view/data-analyst-at-sony-4208337899,4/17/2025
65,People Data Analyst,CAVA,"Washington, D.C.",https://www.linkedin.com/jobs/view/people-data-analyst-at-cava-4211477818,4/16/2025
66,Customer Insights Analyst,Nextdoor,New York City,https://www.linkedin.com/jobs/view/customer-insights-analyst-at-nextdoor-4194555805,4/15/2025
67,Data Analyst,Salt,United States,https://www.linkedin.com/jobs/view/data-analyst-at-salt-4207613081,4/15/2025
68,Data Analyst,InterEx Group,United States,https://www.linkedin.com/jobs/view/data-analyst-at-interex-group-4207982241,4/14/2025
69,Data Analyst I,Colibri Group,United States,https://www.linkedin.com/jobs/view/data-analyst-i-at-colibri-group-4207003840,4/11/2025
70,Data Analyst Intern (Fall start),AARP,"Washington, D.C.",https://www.linkedin.com/jobs/view/data-analyst-intern-fall-start-at-aarp-4179907608,4/10/2025
71,"Analyst, Data Science, RMBS",Cerberus Capital Management,New York City,https://www.linkedin.com/jobs/view/analyst-data-science-rmbs-at-cerberus-capital-management-4206657067,4/10/2025
72,Data Analyst,Webologix Ltd/ INC,United States,https://www.linkedin.com/jobs/view/data-analyst-at-webologix-ltd-inc-4189678767,4/10/2025
73,Data Analyst,iSpot,United States,https://www.linkedin.com/jobs/view/data-analyst-at-ispot-4188916579,4/10/2025
74,Analyst,NielsenIQ,New York City,https://www.linkedin.com/jobs/view/analyst-at-nielseniq-4209629313,4/14/2025
75,Data Analyst,RYZE,United States,https://www.linkedin.com/jobs/view/data-analyst-at-ryze-4210126481,4/16/2025
76,Data Analyst,DHL Express,"Plantation, Florida",https://www.linkedin.com/jobs/view/data-analyst-at-dhl-express-4210119199,4/16/2025
77,Business Data Analyst,LTIMindtree,"Jersey City, New Jersey",https://www.linkedin.com/jobs/view/business-data-analyst-at-ltimindtree-4205229246,4/10/2025
78,Junior Data Analyst,CGI,"Arlington County, Virginia",https://www.linkedin.com/jobs/view/junior-data-analyst-at-cgi-4174196292,4/15/2025
79,Data Analyst,Mastech Digital,San Francisco,https://www.linkedin.com/jobs/view/data-analyst-at-mastech-digital-4208474628,4/14/2025
80,Healthcare Data Analyst I - Remote,TieTalent,California,https://www.linkedin.com/jobs/view/healthcare-data-analyst-i-remote-at-tietalent-4157944871,4/16/2025
81,Data Analyst - 100% Remote,Lensa,"Jacksonville, Florida",https://www.linkedin.com/jobs/view/data-analyst-100%25-remote-at-lensa-4210125836,4/16/2025
82,Data Analyst,Equiliem,"Lexington, Massachusetts",https://www.linkedin.com/jobs/view/data-analyst-at-equiliem-4209764107,4/16/2025
83,Data Analyst,AARATECH,New York City Metropolitan Area,https://www.linkedin.com/jobs/view/data-analyst-at-aaratech-4208452855,4/14/2025
84,Data Analyst,Keurig Dr Pepper Inc.,"Frisco, Texas",https://www.linkedin.com/jobs/view/data-analyst-at-keurig-dr-pepper-inc-4211235321,4/16/2025
85,Insights Analyst,Spectrum,"Stamford, Connecticut",https://www.linkedin.com/jobs/view/insights-analyst-at-spectrum-4172535871,4/15/2025
86,Sr. Data Analyst,Rivian,"Palo Alto, California",https://www.linkedin.com/jobs/view/sr-data-analyst-at-rivian-4145250152,4/10/2025
87,Data Analyst,Consulting Point,United States,https://www.linkedin.com/jobs/view/data-analyst-at-consulting-point-4210929861,4/15/2025
88,Sr. Data Analyst,Stefanini North America and APAC,United States,https://www.linkedin.com/jobs/view/sr-data-analyst-at-stefanini-north-america-and-apac-4168684683,4/10/2025
89,Data Analyst,Ignite Digital Services,San Diego,https://www.linkedin.com/jobs/view/data-analyst-at-ignite-digital-services-4204632683,4/10/2025
90,Data Analyst Contractor,Instacart,United States,https://www.linkedin.com/jobs/view/data-analyst-contractor-at-instacart-4211041562,4/15/2025
91,Data Analyst,ExxonMobil,Houston,https://www.linkedin.com/jobs/view/data-analyst-at-exxonmobil-4211926927,4/17/2025
92,Data Analyst,Ascendum Solutions,"Irvine, California",https://www.linkedin.com/jobs/view/data-analyst-at-ascendum-solutions-4183424931,4/14/2025
93,"Analyst, Data Analytics & Intelligence",Publicis Digital Experience,New York City,https://www.linkedin.com/jobs/view/analyst-data-analytics-intelligence-at-publicis-digital-experience-4184992147,4/10/2025
94,Analista de Dados Junior - SÃ£o Paulo/SP,Shopee,"SÃ£o Paulo, SÃ£o Paulo, Brazil",https://br.linkedin.com/jobs/view/analista-de-dados-junior-s%C3%A3o-paulo-sp-at-shopee-4209737929,4/16/2025
95,Data Analyst,LTIMindtree,Bangalore Rural district,https://in.linkedin.com/jobs/view/data-analyst-at-ltimindtree-4207304045,4/15/2025
96,"Data Platform Analyst, Subscriptions",Roku,Bengaluru,https://in.linkedin.com/jobs/view/data-platform-analyst-subscriptions-at-roku-4210917683,4/15/2025
98,Junior Data Analyst,Pion,London,https://uk.linkedin.com/jobs/view/junior-data-analyst-at-pion-4211405177,4/16/2025
100,Data Analyst,Aston Martin F1 Team,Silverstone,https://uk.linkedin.com/jobs/view/data-analyst-at-aston-martin-f1-team-4207343167,4/15/2025
103,Healthcare Data Analyst,Infosys,"Bengaluru East, Karnataka, India",https://in.linkedin.com/jobs/view/healthcare-data-analyst-at-infosys-4210130820,4/16/2025
108,Junior Data Analyst UK&I,Experian,Sofia,https://bg.linkedin.com/jobs/view/junior-data-analyst-uk-i-at-experian-4210637805,4/15/2025
109,Data Analyst,HCLTech,Bengaluru,https://in.linkedin.com/jobs/view/data-analyst-at-hcltech-4208166942,4/16/2025
110,Data Analyst,PT Indofood CBP Sukses Makmur Tbk - Noodle Division,Jakarta,https://id.linkedin.com/jobs/view/data-analyst-at-pt-indofood-cbp-sukses-makmur-tbk-noodle-division-4210122627,4/16/2025
111,Data Analyst,Explore Group,London,https://uk.linkedin.com/jobs/view/data-analyst-at-explore-group-4207348212,4/15/2025
112,Data Analyst,PT Indofood CBP Sukses Makmur Tbk - Noodle Division,Jakarta,https://id.linkedin.com/jobs/view/data-analyst-at-pt-indofood-cbp-sukses-makmur-tbk-noodle-division-4209394413,4/16/2025
113,"Lead Data Analyst (Power BI,SQL)",Target,Bengaluru,https://in.linkedin.com/jobs/view/lead-data-analyst-power-bi-sql-at-target-4208107251,4/16/2025
115,Data Analyst,AKT London,Greater London,https://uk.linkedin.com/jobs/view/data-analyst-at-akt-london-4210935443,4/15/2025
116,Officer - Real Time Analytics,Almosafer,Riyadh,https://sa.linkedin.com/jobs/view/officer-real-time-analytics-at-almosafer-4209746245,4/16/2025
117,Data Analyst,Adecco,Greater Bengaluru Area,https://in.linkedin.com/jobs/view/data-analyst-at-adecco-4210576392,4/15/2025
118,Data Analyst,StatusNeo,India,https://in.linkedin.com/jobs/view/data-analyst-at-statusneo-4207301130,4/15/2025
120,ANALISTA GESTAO DE INDICADORES PL,Camil Alimentos S/A,"SÃ£o Paulo, SÃ£o Paulo, Brazil",https://br.linkedin.com/jobs/view/analista-gestao-de-indicadores-pl-at-camil-alimentos-s-a-4207646234,4/15/2025
121,Data Analyst,Tata Consultancy Services,Mississauga,https://ca.linkedin.com/jobs/view/data-analyst-at-tata-consultancy-services-4209313361,4/15/2025
122,Data Analyst,TLP Consultancy Ltd,Burgh Castle,https://uk.linkedin.com/jobs/view/data-analyst-at-tlp-consultancy-ltd-4208191849,4/16/2025
125,Data Analyst,Lorien,London,https://uk.linkedin.com/jobs/view/data-analyst-at-lorien-4211498951,4/16/2025
127,DATA ANALYST I,Inter,Belo Horizonte,https://br.linkedin.com/jobs/view/data-analyst-i-at-inter-4210957110,4/15/2025
128,Data Analyst,Explore Group,London,https://uk.linkedin.com/jobs/view/data-analyst-at-explore-group-4208307077,4/16/2025
130,Data Analytics,EY,Gurgaon,https://in.linkedin.com/jobs/view/data-analytics-at-ey-4210593250,4/15/2025
131,Analista de Dados JÃºnior | Data Viz,americanas s.a.,Greater Rio de Janeiro,https://br.linkedin.com/jobs/view/analista-de-dados-j%C3%BAnior-data-viz-at-americanas-s-a-4209342093,4/15/2025
134,Data Analytics,EY,Bengaluru,https://in.linkedin.com/jobs/view/data-analytics-at-ey-4210588770,4/15/2025
135,Analyst-Data Science,American Express,Gurgaon,https://in.linkedin.com/jobs/view/analyst-data-science-at-american-express-4210666878,4/15/2025
136,"Analyst, Data Science",Toyota North America,"Plano, Texas",https://www.linkedin.com/jobs/view/analyst-data-science-at-toyota-north-america-4210658682,4/15/2025
137,Data Analyst,Kforce Inc,Boston,https://www.linkedin.com/jobs/view/data-analyst-at-kforce-inc-4211019116,4/15/2025
138,Data Analyst Intern,SiteZeus,"Tampa, Florida",https://www.linkedin.com/jobs/view/data-analyst-intern-at-sitezeus-4211479196,4/16/2025
139,Business Data Analyst,Birlasoft,London,https://uk.linkedin.com/jobs/view/business-data-analyst-at-birlasoft-4208946703,4/15/2025
140,Data Analyst,Eviden,United Kingdom,https://uk.linkedin.com/jobs/view/data-analyst-at-eviden-4210557270,4/15/2025
141,Analista de Dados JÃºnior,Cogna EducaÃ§Ã£o,Brazil,https://br.linkedin.com/jobs/view/analista-de-dados-j%C3%BAnior-at-cogna-educa%C3%A7%C3%A3o-4207658011,4/15/2025
142,Data Analyst,AARATECH,California,https://www.linkedin.com/jobs/view/data-analyst-at-aaratech-4209791302,4/16/2025
143,Data Analyst,Bright Purple,Dundee,https://uk.linkedin.com/jobs/view/data-analyst-at-bright-purple-4208151226,4/16/2025
144,Business Data Analyst,Toyota Financial Services (UK) PLC,Epsom,https://uk.linkedin.com/jobs/view/business-data-analyst-at-toyota-financial-services-uk-plc-4210606571,4/15/2025
145,Data Analyst,SearchabilityÂ®,Nottingham,https://uk.linkedin.com/jobs/view/data-analyst-at-searchability%C2%AE-4211285954,4/16/2025
146,Sr Data Analyst,The Walt Disney Company,New York City,https://www.linkedin.com/jobs/view/sr-data-analyst-at-the-walt-disney-company-4210678445,4/15/2025
147,Data Analyst (Data Visualization),Haybury,Barcelona,https://es.linkedin.com/jobs/view/data-analyst-data-visualization-at-haybury-4208968856,4/15/2025
148,Data Analyst,Etiqa Insurance Singapore,Singapore,https://sg.linkedin.com/jobs/view/data-analyst-at-etiqa-insurance-singapore-4210419916,4/17/2025
149,Data Analyst,Redwood Materials,Nevada,https://www.linkedin.com/jobs/view/data-analyst-at-redwood-materials-4209336627,4/15/2025
150,Analista de Business Intelligence JÃºnior,iFood,Osasco,https://br.linkedin.com/jobs/view/analista-de-business-intelligence-j%C3%BAnior-at-ifood-4210939595,4/15/2025
151,Data Associate - Gurgaon,Circles,Gurgaon,https://in.linkedin.com/jobs/view/data-associate-gurgaon-at-circles-4208162528,4/16/2025
152,Healthcare Data Analyst,Sogeti,Greater Antilles,https://www.linkedin.com/jobs/view/healthcare-data-analyst-at-sogeti-4209319190,4/15/2025
214,Data Analyst,Artefact,New York City,https://www.linkedin.com/jobs/view/data-analyst-at-artefact-3931311684,4/17/2025
235,Data Analyst,TEKsystems,"Santa Clara, California",https://www.linkedin.com/jobs/view/data-analyst-at-teksystems-4210415232,4/17/2025
241,Data Analyst - Local to Pittsburgh or Cleveland,CGI,Pittsburgh,https://www.linkedin.com/jobs/view/data-analyst-local-to-pittsburgh-or-cleveland-at-cgi-4207001467,4/11/2025
242,Analista de AnÃ¡lise de Dados Junior,C6 Bank,"SÃ£o Paulo, SÃ£o Paulo, Brazil",https://br.linkedin.com/jobs/view/analista-de-an%C3%A1lise-de-dados-junior-at-c6-bank-4207658458,4/15/2025
256,Data Analyst,Stok,Toronto,https://ca.linkedin.com/jobs/view/data-analyst-at-stok-4210061332,4/15/2025
267,Senior Data Analyst,Asana,Warsaw,https://pl.linkedin.com/jobs/view/senior-data-analyst-at-asana-4206944457,4/15/2025
282,Data analyst,Aer Lingus,Dublin,https://ie.linkedin.com/jobs/view/data-analyst-at-aer-lingus-4208661726,4/17/2025
284,Data Intern,Doing Things,New York City,https://www.linkedin.com/jobs/view/data-intern-at-doing-things-4208835512,4/14/2025
286,Data Analyst,Redwood Materials,San Francisco,https://www.linkedin.com/jobs/view/data-analyst-at-redwood-materials-4210125598,4/16/2025
294,Data Analyst I,Aditi Consulting,"Lincolnshire, Illinois",https://www.linkedin.com/jobs/view/data-analyst-i-at-aditi-consulting-4211743647,4/16/2025
297,Data Analyst,Hanson Lee,London,https://uk.linkedin.com/jobs/view/data-analyst-at-hanson-lee-4211491133,4/16/2025
298,Jr. Data & BI Analyst,A Place for Mom,New York City,https://www.linkedin.com/jobs/view/jr-data-bi-analyst-at-a-place-for-mom-4210996235,4/15/2025
299,Data Analyst,Amplytics,San Francisco Bay Area,https://www.linkedin.com/jobs/view/data-analyst-at-amplytics-4211939141,4/17/2025
300,Data Analyst,ShimentoX,United States,https://www.linkedin.com/jobs/view/data-analyst-at-shimentox-4209347797,4/15/2025
301,Data Analyst,Simera,United States,https://www.linkedin.com/jobs/view/data-analyst-at-simera-4211746458,4/16/2025
377,"Data Scientist, Product Analytics",Meta,Seattle,https://www.linkedin.com/jobs/view/data-scientist-product-analytics-at-meta-4187900500,4/14/2025
378,"Data Scientist, Product, Sustainability",Google,"Mountain View, California",https://www.linkedin.com/jobs/view/data-scientist-product-sustainability-at-google-4208949786,4/15/2025
379,"Data Scientist, Product Analytics",Meta,Seattle,https://www.linkedin.com/jobs/view/data-scientist-product-analytics-at-meta-4120825473,4/14/2025
380,"Data Scientist, Product Analytics",Meta,United States,https://www.linkedin.com/jobs/view/data-scientist-product-analytics-at-meta-4120823523,4/14/2025
381,Fraud Data Scientist,ID.me,"Mountain View, California",https://www.linkedin.com/jobs/view/fraud-data-scientist-at-id-me-4121538629,4/16/2025
382,"Data Scientist, Product Analytics",Meta,New York City,https://www.linkedin.com/jobs/view/data-scientist-product-analytics-at-meta-4129160710,4/14/2025
383,Senior Data Scientist,Roku,"Austin, Texas",https://www.linkedin.com/jobs/view/senior-data-scientist-at-roku-4187177485,4/11/2025
384,Senior Data Scientist,Roku,"Santa Monica, California",https://www.linkedin.com/jobs/view/senior-data-scientist-at-roku-4165611239,4/11/2025
385,Data Scientist,Paramount,New York City,https://www.linkedin.com/jobs/view/data-scientist-at-paramount-4089557959,4/11/2025
386,Machine Learning Engineer (L5) - Content & Media ML Foundations,Netflix,United States,https://www.linkedin.com/jobs/view/machine-learning-engineer-l5-content-media-ml-foundations-at-netflix-4165695975,4/11/2025
387,Data Scientist - Last Mile,Veho,United States,https://www.linkedin.com/jobs/view/data-scientist-last-mile-at-veho-4188551903,4/15/2025
388,"Partner Data Scientist, Growth Partnerships",Meta,New York City,https://www.linkedin.com/jobs/view/partner-data-scientist-growth-partnerships-at-meta-4191408767,4/14/2025
389,Data Scientist,Elder Research,"Arlington County, Virginia",https://www.linkedin.com/jobs/view/data-scientist-at-elder-research-4128210115,4/14/2025
390,Jr. Data Scientist,Matlen Silver,United States,https://www.linkedin.com/jobs/view/jr-data-scientist-at-matlen-silver-4211760489,4/16/2025
391,"Data Scientist, Product Analytics",Meta,"Burlingame, California",https://www.linkedin.com/jobs/view/data-scientist-product-analytics-at-meta-4120825485,4/14/2025
392,"Data Scientist, Product Analytics",Meta,San Francisco,https://www.linkedin.com/jobs/view/data-scientist-product-analytics-at-meta-4133149645,4/14/2025
393,Data Scientist,Disney Entertainment,California,https://www.linkedin.com/jobs/view/data-scientist-at-disney-entertainment-4211477679,4/16/2025
394,"Data Scientist, Marketing Science",TikTok,New York City,https://www.linkedin.com/jobs/view/data-scientist-marketing-science-at-tiktok-4165758864,4/10/2025
395,"Data Scientist, Product Analytics",Meta,"Bellevue, Washington",https://www.linkedin.com/jobs/view/data-scientist-product-analytics-at-meta-4120820947,4/14/2025
396,AI/ML Engineer,ConglomerateIT,Dallas,https://www.linkedin.com/jobs/view/ai-ml-engineer-at-conglomerateit-4210008773,4/14/2025
397,Data Scientist- Customer Lifecycle and Engagement,Robinhood,New York City,https://www.linkedin.com/jobs/view/data-scientist-customer-lifecycle-and-engagement-at-robinhood-4192321004,4/17/2025
398,Data Scientist,Meta,"Bellevue, Washington",https://www.linkedin.com/jobs/view/data-scientist-at-meta-4145816806,4/14/2025
399,Cientista de Dados II - Ãrea PrevenÃ§Ã£o a Fraudes,ItaÃº Unibanco,"SÃ£o Paulo, SÃ£o Paulo, Brazil",https://br.linkedin.com/jobs/view/cientista-de-dados-ii-%C3%A1rea-preven%C3%A7%C3%A3o-a-fraudes-at-ita%C3%BA-unibanco-4211043939,4/16/2025
400,Data Scientist,Raspberry Pi Foundation,Cambridge,https://uk.linkedin.com/jobs/view/data-scientist-at-raspberry-pi-foundation-4207343045,4/15/2025
401,Graduate Data Scientist,Zazzle,Cork,https://ie.linkedin.com/jobs/view/graduate-data-scientist-at-zazzle-4210967410,4/15/2025
402,Data Scientist,DoorDash,New York City,https://www.linkedin.com/jobs/view/data-scientist-at-doordash-4208983059,4/15/2025
403,"Staff Data Scientist, Strategy & Insights",LinkedIn,"Sunnyvale, California",https://www.linkedin.com/jobs/view/staff-data-scientist-strategy-insights-at-linkedin-4210157476,4/17/2025
404,Data Scientist I,Pinterest,United States,https://www.linkedin.com/jobs/view/data-scientist-i-at-pinterest-4211733043,4/16/2025
405,Data Scientist,NielsenIQ,Lisbon Metropolitan Area,https://pt.linkedin.com/jobs/view/data-scientist-at-nielseniq-4210020667,4/14/2025
406,Data Scientist/Analyst,Sony Interactive Entertainment,Dublin,https://ie.linkedin.com/jobs/view/data-scientist-analyst-at-sony-interactive-entertainment-4210403100,4/17/2025
407,GEN AI/ML,technology,Bengaluru,https://in.linkedin.com/jobs/view/gen-ai-ml-at-technology-4211417708,4/16/2025
408,Data Scientist,EXL,Gurgaon,https://in.linkedin.com/jobs/view/data-scientist-at-exl-4208133522,4/16/2025
409,Data Scientist,CalypsoAI,Dublin,https://ie.linkedin.com/jobs/view/data-scientist-at-calypsoai-4210651756,4/15/2025
410,Data Scientist,OCBC Indonesia,Tangerang,https://id.linkedin.com/jobs/view/data-scientist-at-ocbc-indonesia-4208147179,4/16/2025
411,"Data Scientist, Fundamental Sector Data",CPP Investments | Investissements RPC,New York City,https://www.linkedin.com/jobs/view/data-scientist-fundamental-sector-data-at-cpp-investments-investissements-rpc-4209335601,4/15/2025
412,"Machine Learning Engineer (Berlin, Germany)",Enjins,Berlin,https://de.linkedin.com/jobs/view/machine-learning-engineer-berlin-germany-at-enjins-4209827103,4/14/2025
413,Data Scientist,Mercedes-Benz Malaysia,Puchong,https://my.linkedin.com/jobs/view/data-scientist-at-mercedes-benz-malaysia-4211295851,4/16/2025
414,Data Scientist (L5) - App QoE,Netflix,United States,https://www.linkedin.com/jobs/view/data-scientist-l5-app-qoe-at-netflix-4208340911,4/17/2025
415,Data Scientist I,Pinterest,San Francisco,https://www.linkedin.com/jobs/view/data-scientist-i-at-pinterest-4211726852,4/16/2025
416,Data Scientist (Business Operations),Wolt,Athens,https://gr.linkedin.com/jobs/view/data-scientist-business-operations-at-wolt-4208416025,4/14/2025
417,Junior Artificial Intelligence (AI) / Machine Learning (ML) Engineer,PingWind Inc. (SDVOSB),"Washington, D.C.",https://www.linkedin.com/jobs/view/junior-artificial-intelligence-ai-machine-learning-ml-engineer-at-pingwind-inc-sdvosb-4211917486,4/16/2025
418,Junior Frontend Developer,Coca-Cola HBC,Cairo,https://eg.linkedin.com/jobs/view/junior-frontend-developer-at-coca-cola-hbc-4211485294,4/16/2025
420,"Data Scientist, Product, Sustainability",Google,San Francisco,https://www.linkedin.com/jobs/view/data-scientist-product-sustainability-at-google-4208950495,4/15/2025
421,"Data Scientist, Product Analytics",Meta,Chicago,https://www.linkedin.com/jobs/view/data-scientist-product-analytics-at-meta-4208158460,4/16/2025
422,Data Scientist (Climate & Geospatial),PureFuel,London,https://uk.linkedin.com/jobs/view/data-scientist-climate-geospatial-at-purefuel-4209836942,4/14/2025
423,Data Scientist Jr.,Kantar,Mexico City,https://mx.linkedin.com/jobs/view/data-scientist-jr-at-kantar-4210039929,4/14/2025
424,Data Scientist,Largeton Group,"Sunnyvale, California",https://www.linkedin.com/jobs/view/data-scientist-at-largeton-group-4210911557,4/15/2025
425,Cientista de Dados - EstÃ¡gio,SMi Engineering,Santa Cruz Cabrália,https://br.linkedin.com/jobs/view/cientista-de-dados-est%C3%A1gio-at-smi-engineering-4208855015,4/15/2025
426,Machine Learning Engineer,Capgemini,Greater Bengaluru Area,https://in.linkedin.com/jobs/view/machine-learning-engineer-at-capgemini-4208132113,4/16/2025
427,Data Scientist (Entry Level),Network Recruitment,City of Johannesburg Metropolitan Municipality,https://za.linkedin.com/jobs/view/data-scientist-entry-level-at-network-recruitment-4207390072,4/15/2025
428,Data Scientist,BBC,London,https://uk.linkedin.com/jobs/view/data-scientist-at-bbc-4207399145,4/15/2025
429,Machine Learning Engineer,Recro,Bengaluru,https://in.linkedin.com/jobs/view/machine-learning-engineer-at-recro-4210174818,4/17/2025
430,Product Data Scientist,Checkout.com,London,https://uk.linkedin.com/jobs/view/product-data-scientist-at-checkout-com-4210938199,4/15/2025
431,Data Scientist,Capgemini Engineering,Canada,https://ca.linkedin.com/jobs/view/data-scientist-at-capgemini-engineering-4210408291,4/17/2025
432,Data Scientist,Immersum,London,https://uk.linkedin.com/jobs/view/data-scientist-at-immersum-4209837600,4/14/2025
433,Machine Learning Engineer,Infosys,Bengaluru,https://in.linkedin.com/jobs/view/machine-learning-engineer-at-infosys-4210551303,4/15/2025
434,Research And Development Scientist,i-Pharm Consulting,Slough,https://uk.linkedin.com/jobs/view/research-and-development-scientist-at-i-pharm-consulting-4209309530,4/15/2025
435,Data Scientist Senior - MLOps & Transformation (F/H),Renault Digital,Boulogne-Billancourt,https://fr.linkedin.com/jobs/view/data-scientist-senior-mlops-transformation-f-h-at-renault-digital-4212137137,4/17/2025
437,Machine Learning Engineer,Jex - Recruitment for scaling businesses,Dubai,https://ae.linkedin.com/jobs/view/machine-learning-engineer-at-jex-recruitment-for-scaling-businesses-4210408142,4/17/2025
439,Data Scientist,Jubilant FoodWorks Ltd.,Noida,https://in.linkedin.com/jobs/view/data-scientist-at-jubilant-foodworks-ltd-4208162365,4/16/2025
440,Junior Data Scientist,Discovery Limited,Gauteng,https://za.linkedin.com/jobs/view/junior-data-scientist-at-discovery-limited-4208647501,4/17/2025
441,Data Scientist-1,FNB South Africa,Johannesburg,https://za.linkedin.com/jobs/view/data-scientist-1-at-fnb-south-africa-4210585489,4/15/2025
442,Data Scientist,Astria Digital,Bengaluru,https://in.linkedin.com/jobs/view/data-scientist-at-astria-digital-4208100397,4/16/2025
443,Data Scientist,Sigma Suisse,Geneva,https://ch.linkedin.com/jobs/view/data-scientist-at-sigma-suisse-4208109300,4/16/2025
444,Data Scientist Strategy & Value Creation Consulting,KPMG EspaÃ±a,Madrid,https://es.linkedin.com/jobs/view/data-scientist-strategy-value-creation-consulting-at-kpmg-espa%C3%B1a-4207636145,4/15/2025
445,Data Scientist (m/f/d),roadsurfer,Spain,https://es.linkedin.com/jobs/view/data-scientist-m-f-d-at-roadsurfer-4211779688,4/16/2025
446,Machine Learning Engineer,Circana,Greece,https://gr.linkedin.com/jobs/view/machine-learning-engineer-at-circana-4141678881,4/16/2025
447,Data Scientist (AI/ML),Collabera,Toronto,https://ca.linkedin.com/jobs/view/data-scientist-ai-ml-at-collabera-4208338429,4/16/2025
448,Data Scientist/Sr Data Scientist,American Airlines,Dallas,https://www.linkedin.com/jobs/view/data-scientist-sr-data-scientist-at-american-airlines-4207369864,4/15/2025
449,Machine Learning Engineer (Junior),LogicMatrix,Florida,https://www.linkedin.com/jobs/view/machine-learning-engineer-junior-at-logicmatrix-4210171885,4/17/2025
450,Machine Learning Engineer,Neotalent Conclusion,Lisbon Metropolitan Area,https://pt.linkedin.com/jobs/view/machine-learning-engineer-at-neotalent-conclusion-4210910657,4/15/2025
451,AI/ML Developer,SWITS DIGITAL Private Limited,India,https://in.linkedin.com/jobs/view/ai-ml-developer-at-swits-digital-private-limited-4212121654,4/17/2025
452,Machine Learning Engineer,Neotalent Conclusion,Porto metropolitan area,https://pt.linkedin.com/jobs/view/machine-learning-engineer-at-neotalent-conclusion-4210914223,4/15/2025
453,AI/ML Researcher,Seer,San Francisco Bay Area,https://www.linkedin.com/jobs/view/ai-ml-researcher-at-seer-4211740993,4/16/2025
454,Data Scientist,Aditi Consulting,California,https://www.linkedin.com/jobs/view/data-scientist-at-aditi-consulting-4205957397,4/10/2025
455,Data Scientist,Camping World,Greater Chicago Area,https://www.linkedin.com/jobs/view/data-scientist-at-camping-world-4209794873,4/16/2025
456,Data Scientist,Krungthai Bank,Bangkok Metropolitan Area,https://th.linkedin.com/jobs/view/data-scientist-at-krungthai-bank-4211260779,4/16/2025
457,Machine Learning Engineer,CXC,London,https://uk.linkedin.com/jobs/view/machine-learning-engineer-at-cxc-4208660159,4/17/2025
458,"Data Scientist, Consumer Research & Marketing",Handshake,San Francisco,https://www.linkedin.com/jobs/view/data-scientist-consumer-research-marketing-at-handshake-4191343558,4/13/2025
459,"Data Scientist, Product Analytics",Meta,New York City,https://www.linkedin.com/jobs/view/data-scientist-product-analytics-at-meta-4166293040,4/14/2025
460,"Data Scientist, Product Analytics",Meta,New York City,https://www.linkedin.com/jobs/view/data-scientist-product-analytics-at-meta-4143731182,4/14/2025
461,"Data Scientist, Product Analytics",Meta,San Francisco,https://www.linkedin.com/jobs/view/data-scientist-product-analytics-at-meta-4181335965,4/14/2025
462,"Data Scientist, Product Analytics",Meta,San Francisco,https://www.linkedin.com/jobs/view/data-scientist-product-analytics-at-meta-4152204588,4/14/2025
463,"Data Scientist, Marketing",Wealthfront,"Palo Alto, California",https://www.linkedin.com/jobs/view/data-scientist-marketing-at-wealthfront-4187176363,4/11/2025
464,"Data Scientist, Product Analytics",Meta,San Francisco,https://www.linkedin.com/jobs/view/data-scientist-product-analytics-at-meta-4187595834,4/14/2025
465,Machine Learning Engineer,Netflix,United States,https://www.linkedin.com/jobs/view/machine-learning-engineer-at-netflix-4118831761,4/17/2025
467,"Data Scientist, Product Analytics",Meta,"Sunnyvale, California",https://www.linkedin.com/jobs/view/data-scientist-product-analytics-at-meta-4187900499,4/14/2025
469,Data Scientist,Meta,"Fremont, California",https://www.linkedin.com/jobs/view/data-scientist-at-meta-4150246993,4/14/2025
470,"Data Scientist, Product Analytics",Meta,"Menlo Park, California",https://www.linkedin.com/jobs/view/data-scientist-product-analytics-at-meta-4187902063,4/14/2025
472,"Data Scientist, Product Analytics",Meta,"Austin, Texas",https://www.linkedin.com/jobs/view/data-scientist-product-analytics-at-meta-4187594995,4/14/2025
473,"Data Scientist, Product Analytics",Meta,"Burlingame, California",https://www.linkedin.com/jobs/view/data-scientist-product-analytics-at-meta-4187594996,4/14/2025
474,"Data Scientist, Product Analytics",Meta,"Bellevue, Washington",https://www.linkedin.com/jobs/view/data-scientist-product-analytics-at-meta-4187599591,4/14/2025
476,"Data Scientist, Product Analytics",Meta,"Menlo Park, California",https://www.linkedin.com/jobs/view/data-scientist-product-analytics-at-meta-4120823583,4/14/2025
477,"Data Scientist, Product Analytics",Meta,"Washington, D.C.",https://www.linkedin.com/jobs/view/data-scientist-product-analytics-at-meta-4134650573,4/14/2025
478,AI Engineer,LinkedIn,"Sunnyvale, California",https://www.linkedin.com/jobs/view/ai-engineer-at-linkedin-4210111046,4/16/2025
479,Data Scientist,Meta,"Menlo Park, California",https://www.linkedin.com/jobs/view/data-scientist-at-meta-4145817546,4/14/2025
480,"Data Scientist, Product Analytics",Meta,"Redmond, Washington",https://www.linkedin.com/jobs/view/data-scientist-product-analytics-at-meta-4187902062,4/14/2025
481,"Data Scientist III, Product, Operations Data Science",Google,San Francisco,https://www.linkedin.com/jobs/view/data-scientist-iii-product-operations-data-science-at-google-4185769931,4/12/2025
482,"Data Scientist, Product Analytics",Meta,Los Angeles,https://www.linkedin.com/jobs/view/data-scientist-product-analytics-at-meta-4120828052,4/14/2025
483,"Data Scientist, Product Analytics",Meta,"Washington, D.C.",https://www.linkedin.com/jobs/view/data-scientist-product-analytics-at-meta-4120826323,4/14/2025
484,"Data Scientist III, Product, Operations Data Science",Google,"Sunnyvale, California",https://www.linkedin.com/jobs/view/data-scientist-iii-product-operations-data-science-at-google-4185775057,4/12/2025
486,"Data Scientist, Product Analytics",Meta,"Fremont, California",https://www.linkedin.com/jobs/view/data-scientist-product-analytics-at-meta-4182238808,4/14/2025
488,"Data Scientist, Product Analytics",Meta,"Sunnyvale, California",https://www.linkedin.com/jobs/view/data-scientist-product-analytics-at-meta-4120820942,4/14/2025
496,Machine Learning Software Engineer (L5) - Content and Studio,Netflix,United States,https://www.linkedin.com/jobs/view/machine-learning-software-engineer-l5-content-and-studio-at-netflix-4169603732,4/12/2025
497,"Data Scientist, Product Analytics",Meta,"Austin, Texas",https://www.linkedin.com/jobs/view/data-scientist-product-analytics-at-meta-4120823619,4/14/2025
499,Data Scientist III (Commercial Analytics),Cedar,United States,https://www.linkedin.com/jobs/view/data-scientist-iii-commercial-analytics-at-cedar-4186268414,4/10/2025
577,Data Engineer (L5) - Conversation,Netflix,Utica-Rome Area,https://www.linkedin.com/jobs/view/data-engineer-l5-conversation-at-netflix-4188391146,4/12/2025
578,Data Engineer (L4) - Security,Netflix,"Los Gatos, California",https://www.linkedin.com/jobs/view/data-engineer-l4-security-at-netflix-4148718851,4/17/2025
579,Data Engineer,Meta,"Fremont, California",https://www.linkedin.com/jobs/view/data-engineer-at-meta-4175772202,4/14/2025
580,"Data Engineer, Play Data Science and Analytics",Google,"Mountain View, California",https://www.linkedin.com/jobs/view/data-engineer-play-data-science-and-analytics-at-google-4186705471,4/12/2025
581,Data Engineer,Barstool Sports,New York City,https://www.linkedin.com/jobs/view/data-engineer-at-barstool-sports-4207131366,4/11/2025
582,Data Engineer,Calm,San Francisco,https://www.linkedin.com/jobs/view/data-engineer-at-calm-4209889344,4/14/2025
583,"Data Engineer, Infrastructure",Notion,San Francisco,https://www.linkedin.com/jobs/view/data-engineer-infrastructure-at-notion-4193507738,4/16/2025
584,ML Software Engineer (L4/L5) - Media Algorithms,Netflix,Los Angeles,https://www.linkedin.com/jobs/view/ml-software-engineer-l4-l5-media-algorithms-at-netflix-4190175859,4/15/2025
585,Data Engineer,Costco Wholesale,Seattle,https://www.linkedin.com/jobs/view/data-engineer-at-costco-wholesale-4190735832,4/12/2025
586,Analytics Engineer (L4) - Acquisition,Netflix,"Los Gatos, California",https://www.linkedin.com/jobs/view/analytics-engineer-l4-acquisition-at-netflix-4207666895,4/16/2025
587,Data Engineer,Meta,"Menlo Park, California",https://www.linkedin.com/jobs/view/data-engineer-at-meta-4120825524,4/14/2025
588,Data Engineer,Meta,"Bellevue, Washington",https://www.linkedin.com/jobs/view/data-engineer-at-meta-4120830080,4/14/2025
589,Data Engineer,Walgreens,"Deerfield, Illinois",https://www.linkedin.com/jobs/view/data-engineer-at-walgreens-4206524431,4/10/2025
590,"Data Engineer, Product Analytics",Meta,Los Angeles,https://www.linkedin.com/jobs/view/data-engineer-product-analytics-at-meta-4120829089,4/14/2025
591,Data Engineer,PepsiCo,"Plano, Texas",https://www.linkedin.com/jobs/view/data-engineer-at-pepsico-3998840084,4/12/2025
592,Data Engineer I (Full Time) United States,Cisco,"San Jose, California",https://www.linkedin.com/jobs/view/data-engineer-i-full-time-united-states-at-cisco-4211425869,4/16/2025
593,"Software Engineer L4, Machine Learning Platform (Metaflow)",Netflix,"Los Gatos, California",https://www.linkedin.com/jobs/view/software-engineer-l4-machine-learning-platform-metaflow-at-netflix-4169608328,4/12/2025
594,"Data Engineer, Product Analytics",Meta,New York City,https://www.linkedin.com/jobs/view/data-engineer-product-analytics-at-meta-4120825482,4/14/2025
595,Data Engineer,Amazon,Seattle,https://www.linkedin.com/jobs/view/data-engineer-at-amazon-4092612147,4/11/2025
596,Data Engineer I (Full Time) United States,Cisco,North Carolina,https://www.linkedin.com/jobs/view/data-engineer-i-full-time-united-states-at-cisco-4211037831,4/15/2025
597,"Data Engineer, Product Analytics",Meta,"Fremont, California",https://www.linkedin.com/jobs/view/data-engineer-product-analytics-at-meta-4189151356,4/14/2025
598,"Software Engineer 5, Data Clean Room",Netflix,Seattle,https://www.linkedin.com/jobs/view/software-engineer-5-data-clean-room-at-netflix-4187599010,4/11/2025
599,Senior Data Engineer,Acorns,United States,https://www.linkedin.com/jobs/view/senior-data-engineer-at-acorns-4170197069,4/11/2025
600,Data Engineer Graduate (Ads Data Application) - 2025 Start (BS/MS),TikTok,"San Jose, California",https://www.linkedin.com/jobs/view/data-engineer-graduate-ads-data-application-2025-start-bs-ms-at-tiktok-4186476591,4/11/2025
601,"Data Engineer, Product Analytics",Meta,Miami,https://www.linkedin.com/jobs/view/data-engineer-product-analytics-at-meta-4183214357,4/14/2025
602,"Data Engineer, Product Analytics",Meta,"Redmond, Washington",https://www.linkedin.com/jobs/view/data-engineer-product-analytics-at-meta-4120828077,4/14/2025
603,Data Engineer,Amazon,"Cupertino, California",https://www.linkedin.com/jobs/view/data-engineer-at-amazon-4092606962,4/13/2025
604,"Senior, Data Engineer",Walmart,"Sunnyvale, California",https://www.linkedin.com/jobs/view/senior-data-engineer-at-walmart-4145026955,4/10/2025
605,"Data Engineer, Product Analytics",Meta,San Francisco,https://www.linkedin.com/jobs/view/data-engineer-product-analytics-at-meta-4188685175,4/14/2025
606,"Software Engineer, AI Platform - New Grad",Nuro,"Mountain View, California",https://www.linkedin.com/jobs/view/software-engineer-ai-platform-new-grad-at-nuro-4191146990,4/16/2025
607,"Data Engineer, Product Analytics",Meta,San Francisco,https://www.linkedin.com/jobs/view/data-engineer-product-analytics-at-meta-4120827290,4/14/2025
608,Data Engineer - People Analytics,Twitch,San Francisco,https://www.linkedin.com/jobs/view/data-engineer-people-analytics-at-twitch-4174499945,4/16/2025
609,"Data Engineer, E-Commerce",TikTok,Seattle,https://www.linkedin.com/jobs/view/data-engineer-e-commerce-at-tiktok-4076503911,4/13/2025
610,"Data Engineer, Product Analytics",Meta,New York City,https://www.linkedin.com/jobs/view/data-engineer-product-analytics-at-meta-4150247865,4/14/2025
611,"Data Engineer, VX Analytics",The Walt Disney Company,"Santa Monica, California",https://www.linkedin.com/jobs/view/data-engineer-vx-analytics-at-the-walt-disney-company-4209063376,4/13/2025
612,Sr. Data Engineer,Ford Motor Company,"Dearborn, Michigan",https://www.linkedin.com/jobs/view/sr-data-engineer-at-ford-motor-company-4190609753,4/12/2025
613,Data Engineer III,Walmart,"Sunnyvale, California",https://www.linkedin.com/jobs/view/data-engineer-iii-at-walmart-4056191928,4/14/2025
614,"Data Engineer, Product Analytics",Meta,"Austin, Texas",https://www.linkedin.com/jobs/view/data-engineer-product-analytics-at-meta-4120826371,4/14/2025
615,"Data Engineer, Product Analytics",Meta,"Washington, D.C.",https://www.linkedin.com/jobs/view/data-engineer-product-analytics-at-meta-4120823612,4/14/2025
616,"Data Engineer, Product Analytics",Meta,United States,https://www.linkedin.com/jobs/view/data-engineer-product-analytics-at-meta-4197549737,4/14/2025
617,Data Engineer,Snap Inc.,Los Angeles,https://www.linkedin.com/jobs/view/data-engineer-at-snap-inc-4211900729,4/16/2025
618,"Data Engineer, Product Analytics",Meta,"Fremont, California",https://www.linkedin.com/jobs/view/data-engineer-product-analytics-at-meta-4137886478,4/14/2025
619,"Data Engineer, Product Analytics",Meta,"Menlo Park, California",https://www.linkedin.com/jobs/view/data-engineer-product-analytics-at-meta-4120825489,4/14/2025
620,"Data Engineer, Product Analytics",Meta,New York City,https://www.linkedin.com/jobs/view/data-engineer-product-analytics-at-meta-4176383858,4/14/2025
621,"Data Engineer, Analytics (Technical Leadership)",Instagram,San Francisco,https://www.linkedin.com/jobs/view/data-engineer-analytics-technical-leadership-at-instagram-4175770227,4/14/2025
622,"Remote Engineer, Data, I",Lensa,"Plano, Texas",https://www.linkedin.com/jobs/view/remote-engineer-data-i-at-lensa-4210124844,4/16/2025
623,"Data Engineer, Analytics (Technical Leadership)",Instagram,New York City,https://www.linkedin.com/jobs/view/data-engineer-analytics-technical-leadership-at-instagram-4139142257,4/14/2025
624,"Data Engineer, Product Analytics",Meta,San Francisco,https://www.linkedin.com/jobs/view/data-engineer-product-analytics-at-meta-4175821156,4/14/2025
625,"Sr. Data Engineer, Analytics",Quizlet,New York City,https://www.linkedin.com/jobs/view/sr-data-engineer-analytics-at-quizlet-4190152801,4/15/2025
626,"Data Engineer, Product Analytics",Meta,"Bellevue, Washington",https://www.linkedin.com/jobs/view/data-engineer-product-analytics-at-meta-4120822651,4/14/2025
627,Data Engineer Jr.,CGI,"Arlington County, Virginia",https://www.linkedin.com/jobs/view/data-engineer-jr-at-cgi-4203421889,4/15/2025
628,Data Engineer,Amazon,New York City,https://www.linkedin.com/jobs/view/data-engineer-at-amazon-4211409419,4/16/2025
629,"Data Engineer, Product Analytics",Meta,Seattle,https://www.linkedin.com/jobs/view/data-engineer-product-analytics-at-meta-4120825493,4/14/2025
630,Data Engineer - Subscriptions,Spotify,New York City,https://www.linkedin.com/jobs/view/data-engineer-subscriptions-at-spotify-4211446854,4/16/2025
631,"Data Engineer, Product Analytics",Meta,"Sunnyvale, California",https://www.linkedin.com/jobs/view/data-engineer-product-analytics-at-meta-4120822724,4/14/2025
632,"Data Engineer, E-Commerce",TikTok,"San Jose, California",https://www.linkedin.com/jobs/view/data-engineer-e-commerce-at-tiktok-4107748614,4/14/2025
633,"Data Engineer, Digital Acceleration",Amazon,"Bellevue, Washington",https://www.linkedin.com/jobs/view/data-engineer-digital-acceleration-at-amazon-4188975977,4/10/2025
634,(USA) Data Engineer III,Walmart,"Sunnyvale, California",https://www.linkedin.com/jobs/view/usa-data-engineer-iii-at-walmart-4159343646,4/10/2025
636,Data Engineer (University Grad),WhatsApp,London,https://uk.linkedin.com/jobs/view/data-engineer-university-grad-at-whatsapp-4206344531,4/14/2025
639,"Data Engineer I, IN-Ads",Amazon,Bengaluru,https://in.linkedin.com/jobs/view/data-engineer-i-in-ads-at-amazon-4167822191,4/10/2025
640,Data Engineer - Python,Ericsson,Bengaluru,https://in.linkedin.com/jobs/view/data-engineer-python-at-ericsson-4188539278,4/15/2025
642,Data Engineer with Python + SQL,Cognizant,"Bangalore Urban, Karnataka, India",https://in.linkedin.com/jobs/view/data-engineer-with-python-%2B-sql-at-cognizant-4187330659,4/13/2025
646,Data Engineer,Capgemini,Hyderabad,https://in.linkedin.com/jobs/view/data-engineer-at-capgemini-4207775255,4/11/2025
647,Data Engineer,PwC Acceleration Centers,Bengaluru,https://in.linkedin.com/jobs/view/data-engineer-at-pwc-acceleration-centers-4208018403,4/14/2025
648,"Data Engineer, Product Analytics",Meta,Bengaluru,https://in.linkedin.com/jobs/view/data-engineer-product-analytics-at-meta-4178258918,4/14/2025
649,"Data Engineer, Marketplace",Lyft,Toronto,https://ca.linkedin.com/jobs/view/data-engineer-marketplace-at-lyft-4190693584,4/12/2025
650,Data Engineer,Docusign,Bengaluru,https://in.linkedin.com/jobs/view/data-engineer-at-docusign-4175028726,4/15/2025
651,Data Engineer,Persistent Systems,Pune,https://in.linkedin.com/jobs/view/data-engineer-at-persistent-systems-4205699314,4/11/2025
653,Data Engineer,Thomson Reuters,Bengaluru,https://in.linkedin.com/jobs/view/data-engineer-at-thomson-reuters-4189406163,4/11/2025
654,Data Engineer,Thomson Reuters,Bengaluru,https://in.linkedin.com/jobs/view/data-engineer-at-thomson-reuters-4189406173,4/11/2025
655,UK 2025 Data Engineer Internship,Amazon,London,https://uk.linkedin.com/jobs/view/uk-2025-data-engineer-internship-at-amazon-4172831195,4/16/2025
656,Data Engineer,ASOS.com,London,https://uk.linkedin.com/jobs/view/data-engineer-at-asos-com-4208875617,4/15/2025
657,Infrastructure Partner Data Engineer,Google,Bengaluru,https://in.linkedin.com/jobs/view/infrastructure-partner-data-engineer-at-google-4175182994,4/17/2025
658,Data Engineer,Ericsson,Greater Kolkata Area,https://in.linkedin.com/jobs/view/data-engineer-at-ericsson-4187762871,4/14/2025
659,"Data Engineer I, SCOT - AIM",Amazon,Bengaluru,https://in.linkedin.com/jobs/view/data-engineer-i-scot-aim-at-amazon-4190416793,4/12/2025
660,"Infrastructure Partner Data Engineer, YouTube",Google,Bengaluru,https://in.linkedin.com/jobs/view/infrastructure-partner-data-engineer-youtube-at-google-4187074740,4/12/2025
661,"Data Engineer I, SCOT - AIM",Amazon,Bengaluru,https://in.linkedin.com/jobs/view/data-engineer-i-scot-aim-at-amazon-4190420358,4/12/2025
662,Data Engineer,Thomson Reuters,Hyderabad,https://in.linkedin.com/jobs/view/data-engineer-at-thomson-reuters-4189403289,4/11/2025
664,Data Engineer III,Banco Bradesco,Osasco,https://br.linkedin.com/jobs/view/data-engineer-iii-at-banco-bradesco-4194533251,4/17/2025
665,"Infrastructure Partner Data Engineer, Youtube",Google,Bengaluru,https://in.linkedin.com/jobs/view/infrastructure-partner-data-engineer-youtube-at-google-4184907323,4/12/2025
666,Data Operation Engineer I,McKinsey & Company,Gurgaon,https://in.linkedin.com/jobs/view/data-operation-engineer-i-at-mckinsey-company-4185701474,4/11/2025
667,"Data Engineer I, SCOT - AIM",Amazon,Bengaluru,https://in.linkedin.com/jobs/view/data-engineer-i-scot-aim-at-amazon-4190423093,4/12/2025
668,Data Engineer(AWS),PwC Acceleration Centers,Bengaluru,https://in.linkedin.com/jobs/view/data-engineer-aws-at-pwc-acceleration-centers-4208026542,4/14/2025
669,"Data Engineer I, SCOT - AIM",Amazon,Bengaluru,https://in.linkedin.com/jobs/view/data-engineer-i-scot-aim-at-amazon-4190422126,4/12/2025
670,Data Engineer,Chevron,Manila,https://ph.linkedin.com/jobs/view/data-engineer-at-chevron-4204640351,4/10/2025
671,Data Engineer,Samba TV,Amsterdam,https://nl.linkedin.com/jobs/view/data-engineer-at-samba-tv-4178427653,4/15/2025
672,Data Engineer,Thales,"Gambir, Jakarta, Indonesia",https://id.linkedin.com/jobs/view/data-engineer-at-thales-4150402789,4/17/2025
673,Data Engineer,Ford Motor Company,Chennai,https://in.linkedin.com/jobs/view/data-engineer-at-ford-motor-company-4189411137,4/10/2025
674,Data Engineer,Mphasis,Bengaluru,https://in.linkedin.com/jobs/view/data-engineer-at-mphasis-4199976442,4/14/2025
675,Associate Data Engineer,Commonwealth Bank,"Bengaluru East, Karnataka, India",https://in.linkedin.com/jobs/view/associate-data-engineer-at-commonwealth-bank-4192051925,4/14/2025
677,Data Engineer - C10,Citi,Pune,https://in.linkedin.com/jobs/view/data-engineer-c10-at-citi-4173181108,4/16/2025
679,Data Engineer - Commerce Platform,Spotify,London,https://uk.linkedin.com/jobs/view/data-engineer-commerce-platform-at-spotify-4190419292,4/12/2025
680,Data Engineer,Coca-Cola HBC,Cairo,https://eg.linkedin.com/jobs/view/data-engineer-at-coca-cola-hbc-4209248249,4/13/2025
682,Data Engineer - Enterprise Data Operations Analyst,PepsiCo,Hyderabad,https://in.linkedin.com/jobs/view/data-engineer-enterprise-data-operations-analyst-at-pepsico-4189594243,4/14/2025
683,Jr. Data Engineer,Procter & Gamble,Istanbul,https://tr.linkedin.com/jobs/view/jr-data-engineer-at-procter-gamble-4204918888,4/10/2025
684,Data Engineer - C11,Citi,Pune,https://in.linkedin.com/jobs/view/data-engineer-c11-at-citi-4173182005,4/16/2025
687,Python & SQL Data Engineer_Director_Software Engineering,Morgan Stanley,Mumbai,https://in.linkedin.com/jobs/view/python-sql-data-engineer-director-software-engineering-at-morgan-stanley-4207479249,4/12/2025
688,"Senior Software Engineer, Systems Infrastructure",LinkedIn,Bengaluru,https://in.linkedin.com/jobs/view/senior-software-engineer-systems-infrastructure-at-linkedin-4184541595,4/11/2025
689,Data Analytics Engineer,Checkout.com,London,https://uk.linkedin.com/jobs/view/data-analytics-engineer-at-checkout-com-4207972348,4/14/2025
690,Data Engineer (Platform),tiket.com,Jakarta,https://id.linkedin.com/jobs/view/data-engineer-platform-at-tiket-com-4206299104,4/11/2025
691,Data Engineer- Python Pyspark,Virtusa,Chennai,https://in.linkedin.com/jobs/view/data-engineer-python-pyspark-at-virtusa-4189441319,4/10/2025
692,Data Engineer with Pyspark,Cognizant,"Bangalore Urban, Karnataka, India",https://in.linkedin.com/jobs/view/data-engineer-with-pyspark-at-cognizant-4187328761,4/13/2025
693,Data Engineer,Mercedes-Benz Malaysia,Puchong,https://my.linkedin.com/jobs/view/data-engineer-at-mercedes-benz-malaysia-4211294985,4/16/2025
740,Data Engineer I,IntePros,Seattle,https://www.linkedin.com/jobs/view/data-engineer-i-at-intepros-4207655459,4/15/2025
741,Data Engineer,Snap Inc.,"Bellevue, Washington",https://www.linkedin.com/jobs/view/data-engineer-at-snap-inc-4211900730,4/16/2025
814,Data Analyst - SPX Express (Jakarta),Shopee,Jakarta,https://id.linkedin.com/jobs/view/data-analyst-spx-express-jakarta-at-shopee-4211853597,4/18/2025
826,Data Analyst,ExxonMobil,Houston,https://www.linkedin.com/jobs/view/data-analyst-at-exxonmobil-4212364177,4/17/2025
834,"Data Analyst II, Client Analytics",Omada Health,United States,https://www.linkedin.com/jobs/view/data-analyst-ii-client-analytics-at-omada-health-4149402618,4/19/2025
836,"Data Analyst, Supply Chain",SpaceX,"Redmond, Washington",https://www.linkedin.com/jobs/view/data-analyst-supply-chain-at-spacex-4173194833,4/17/2025
837,"Data Analyst, Global Partnerships & Content",Meta,New York City,https://www.linkedin.com/jobs/view/data-analyst-global-partnerships-content-at-meta-4208662503,4/17/2025
840,"Data Products Analyst, YouTube",Google,New York City,https://www.linkedin.com/jobs/view/data-products-analyst-youtube-at-google-4211857253,4/18/2025
842,"Data Analyst, Global Partnerships & Content",Meta,"Menlo Park, California",https://www.linkedin.com/jobs/view/data-analyst-global-partnerships-content-at-meta-4208660573,4/17/2025
845,"Data Analyst, Global Partnerships & Content",Meta,Los Angeles,https://www.linkedin.com/jobs/view/data-analyst-global-partnerships-content-at-meta-4208662505,4/17/2025
846,Data Analyst,Stripe,Chicago,https://www.linkedin.com/jobs/view/data-analyst-at-stripe-4218680400,5/19/2025
847,Data Analyst,Microsoft,"Redmond, Washington",https://www.linkedin.com/jobs/view/data-analyst-at-microsoft-4231325207,5/16/2025
848,Data Analyst III,Vimeo,New York City,https://www.linkedin.com/jobs/view/data-analyst-iii-at-vimeo-4230221998,5/19/2025
849,Data Analyst,The Walt Disney Company,New York City,https://www.linkedin.com/jobs/view/data-analyst-at-the-walt-disney-company-4232140858,5/17/2025
850,Data Analyst Intern,Fizz,New York City,https://www.linkedin.com/jobs/view/data-analyst-intern-at-fizz-4228719663,5/16/2025
851,"Data Analyst, Experimentation",FanDuel,New York City,https://www.linkedin.com/jobs/view/data-analyst-experimentation-at-fanduel-4217870247,5/21/2025
858,"Data & Analytics, Analyst",TikTok,Los Angeles,https://www.linkedin.com/jobs/view/data-analytics-analyst-at-tiktok-4229290561,5/16/2025
859,"Sector Analyst, MI-Data",Point72,New York City,https://www.linkedin.com/jobs/view/sector-analyst-mi-data-at-point72-4128647515,5/17/2025
860,SQL Data analyst,FinThrive,United States,https://www.linkedin.com/jobs/view/sql-data-analyst-at-finthrive-4230651058,5/19/2025
861,Data Analyst,Numero Data,"Herndon, Virginia",https://www.linkedin.com/jobs/view/data-analyst-at-numero-data-4228331140,5/15/2025
862,Data Analyst,Avant-garde Health,Boston,https://www.linkedin.com/jobs/view/data-analyst-at-avant-garde-health-4232580639,5/21/2025
863,"Sr. Analyst, Data & Analytics",Authentic Brands Group,New York City,https://www.linkedin.com/jobs/view/sr-analyst-data-analytics-at-authentic-brands-group-4229293070,5/16/2025
864,TikTok Shop - Data Analyst,TikTok,"San Jose, California",https://www.linkedin.com/jobs/view/tiktok-shop-data-analyst-at-tiktok-4076504945,5/15/2025
865,Junior Data Analyst,Mosaic North America,Dallas–Fort Worth metroplex,https://www.linkedin.com/jobs/view/junior-data-analyst-at-mosaic-north-america-4231466804,5/20/2025
866,Data Analyst,Alivi,Miami,https://www.linkedin.com/jobs/view/data-analyst-at-alivi-4231480871,5/20/2025
867,Data Analyst,Keurig Dr Pepper Inc.,"Frisco, Texas",https://www.linkedin.com/jobs/view/data-analyst-at-keurig-dr-pepper-inc-4233670197,5/20/2025
868,Data Analyst : 25-05044,"Akraya, Inc.","Palo Alto, California",https://www.linkedin.com/jobs/view/data-analyst-25-05044-at-akraya-inc-4232839511,5/22/2025
869,Data Analyst,Arc,New York City,https://www.linkedin.com/jobs/view/data-analyst-at-arc-4203544758,5/20/2025
870,Data Analyst,Thryv,United States,https://www.linkedin.com/jobs/view/data-analyst-at-thryv-4234415909,5/21/2025
871,Data Analyst,"V-Soft Consulting Group, Inc.",Indianapolis,https://www.linkedin.com/jobs/view/data-analyst-at-v-soft-consulting-group-inc-4196431946,5/16/2025
872,Data Analyst,NovumHealth,Salt Lake City Metropolitan Area,https://www.linkedin.com/jobs/view/data-analyst-at-novumhealth-4230836588,5/19/2025
873,Data Analyst (22227),Orion Innovation,"Edison, New Jersey",https://www.linkedin.com/jobs/view/data-analyst-22227-at-orion-innovation-4115209968,5/19/2025
874,BI / Data Analyst,Kforce Inc,"Cornelius, North Carolina",https://www.linkedin.com/jobs/view/bi-data-analyst-at-kforce-inc-4231017614,5/15/2025
875,Data Analyst,Foodsmart,United States,https://www.linkedin.com/jobs/view/data-analyst-at-foodsmart-4232219031,5/20/2025
876,Data Fulfillment Analyst,National Basketball Association (NBA),New York City,https://www.linkedin.com/jobs/view/data-fulfillment-analyst-at-national-basketball-association-nba-4139136904,5/18/2025
877,Data Analyst,Equifax,"Alpharetta, Georgia",https://www.linkedin.com/jobs/view/data-analyst-at-equifax-4217669921,5/17/2025
878,Data Analyst - People Analytics (Short-Term Employment),Meta,New York City,https://www.linkedin.com/jobs/view/data-analyst-people-analytics-short-term-employment-at-meta-4232509091,5/21/2025
879,Data Analyst,Javvy Coffee,United States,https://www.linkedin.com/jobs/view/data-analyst-at-javvy-coffee-4231966295,5/21/2025
880,"Analyst, Analytics",Publicis Collective,New York City,https://www.linkedin.com/jobs/view/analyst-analytics-at-publicis-collective-4079629635,5/16/2025
881,"Specialist, Commercial Data Reporting and Analysis",Delta Air Lines,Atlanta,https://www.linkedin.com/jobs/view/specialist-commercial-data-reporting-and-analysis-at-delta-air-lines-4215426063,5/15/2025
882,"Data Analyst, TOM Data Infra Team",Amazon,"Bellevue, Washington",https://www.linkedin.com/jobs/view/data-analyst-tom-data-infra-team-at-amazon-4234433462,5/21/2025
883,Data Analyst,Virtusa,"San Jose, California",https://www.linkedin.com/jobs/view/data-analyst-at-virtusa-4232261170,5/21/2025
884,Data Analyst,Swoon,Dallas,https://www.linkedin.com/jobs/view/data-analyst-at-swoon-4229299647,5/16/2025
885,Business Intelligence Analyst,Altimetrik,"Mountain View, California",https://www.linkedin.com/jobs/view/business-intelligence-analyst-at-altimetrik-4230907189,5/15/2025
886,Data Analyst,Insight Global,"Columbus, Ohio Metropolitan Area",https://www.linkedin.com/jobs/view/data-analyst-at-insight-global-4231164868,5/20/2025
887,Tableau Data Analyst,Tradeweb,New York City,https://www.linkedin.com/jobs/view/tableau-data-analyst-at-tradeweb-4161528949,5/21/2025
888,Senior Data Analyst,FanDuel,New York City,https://www.linkedin.com/jobs/view/senior-data-analyst-at-fanduel-4229025428,5/15/2025
889,Senior Data Analyst,SHEIN,New Jersey,https://www.linkedin.com/jobs/view/senior-data-analyst-at-shein-4231689551,5/21/2025
890,Data Analyst,"Bell & Associates, Inc.","Nashville, Tennessee",https://www.linkedin.com/jobs/view/data-analyst-at-bell-associates-inc-4228329401,5/15/2025
891,Data Analyst,PENNYMAC,"Agoura Hills, California",https://www.linkedin.com/jobs/view/data-analyst-at-pennymac-4127686598,5/16/2025
892,GTM Tableau Data Analyst,Yext,New York City,https://www.linkedin.com/jobs/view/gtm-tableau-data-analyst-at-yext-4232561629,5/21/2025
893,Data Analyst,City of New York,Manhattan,https://www.linkedin.com/jobs/view/data-analyst-at-city-of-new-york-4229441539,5/16/2025
894,ESG Data Analyst,Malk Partners,New York City,https://www.linkedin.com/jobs/view/esg-data-analyst-at-malk-partners-4231302406,5/16/2025
895,Data Analyst,Engine,United States,https://www.linkedin.com/jobs/view/data-analyst-at-engine-4231485488,5/20/2025
896,Data & Analytics,Trace3,United States,https://www.linkedin.com/jobs/view/data-analytics-at-trace3-4197994052,5/16/2025
897,Data Analyst,AARATECH,California,https://www.linkedin.com/jobs/view/data-analyst-at-aaratech-4234708423,5/21/2025
898,Senior Data Analyst,Jake Taylor,United States,https://www.linkedin.com/jobs/view/senior-data-analyst-at-jake-taylor-4215925504,5/16/2025
899,"Analyst, Analytics",Starcom,New York City,https://www.linkedin.com/jobs/view/analyst-analytics-at-starcom-4214411986,5/19/2025
900,Data Analyst Intern,Envoy,San Francisco,https://www.linkedin.com/jobs/view/data-analyst-intern-at-envoy-4229546452,5/17/2025
901,"Sr. Data Analytics and Visualization Analyst ($95,000 - $110,000 salary)",Korn Ferry,"Sandy Springs, Georgia",https://www.linkedin.com/jobs/view/sr-data-analytics-and-visualization-analyst-%2495-000-%24110-000-salary-at-korn-ferry-4230200639,5/18/2025
902,Business Data Analyst,AppsFlyer,San Francisco,https://www.linkedin.com/jobs/view/business-data-analyst-at-appsflyer-4195232896,5/15/2025
903,Data Science Analyst II,Experian,"Costa Mesa, California",https://www.linkedin.com/jobs/view/data-science-analyst-ii-at-experian-4233174467,5/20/2025
904,Data Analyst (various levels open),"HRCap, Inc.",United States,https://www.linkedin.com/jobs/view/data-analyst-various-levels-open-at-hrcap-inc-4229012492,5/15/2025
905,Data Analyst,Vevo,New York City,https://www.linkedin.com/jobs/view/data-analyst-at-vevo-4233185666,5/20/2025
906,Data Analyst,Equitable,"Charlotte, North Carolina",https://www.linkedin.com/jobs/view/data-analyst-at-equitable-4203016289,5/21/2025
907,Data Analyst,Insight Global,Greater St. Louis,https://www.linkedin.com/jobs/view/data-analyst-at-insight-global-4229242969,5/16/2025
908,Retail Operations Data Analyst,Meta,New York City,https://www.linkedin.com/jobs/view/retail-operations-data-analyst-at-meta-4229077543,5/16/2025
909,Data Analyst,McMaster-Carr,"Elmhurst, Illinois",https://www.linkedin.com/jobs/view/data-analyst-at-mcmaster-carr-4217365403,5/20/2025
910,PowerBI Analyst,Mitchell Martin Inc.,"Lake Forest, Illinois",https://www.linkedin.com/jobs/view/powerbi-analyst-at-mitchell-martin-inc-4229492152,5/16/2025
911,"Business Intelligence Analyst, Global Research Operations",Meta,New York City,https://www.linkedin.com/jobs/view/business-intelligence-analyst-global-research-operations-at-meta-4231829506,5/20/2025
912,Analista Dados JR,PicPay,"SÃ£o Paulo, SÃ£o Paulo, Brazil",https://br.linkedin.com/jobs/view/analista-dados-jr-at-picpay-4233617438,5/20/2025
913,Data Analyst,noon,Delhi,https://in.linkedin.com/jobs/view/data-analyst-at-noon-4234092016,5/21/2025
914,Insight Analyst UK,ASOS.com,London,https://uk.linkedin.com/jobs/view/insight-analyst-uk-at-asos-com-4231963454,5/21/2025
915,Data Analyst Staff - Jakarta,PT. Medquest Jaya Global,Jakarta,https://id.linkedin.com/jobs/view/data-analyst-staff-jakarta-at-pt-medquest-jaya-global-4232833989,5/22/2025
916,Data Analyst,Propel,London,https://uk.linkedin.com/jobs/view/data-analyst-at-propel-4233653958,5/20/2025
918,KX Analytics (Tableau & SQL)- Analyst-Hyderabad,Deloitte,Hyderabad,https://in.linkedin.com/jobs/view/kx-analytics-tableau-sql-analyst-hyderabad-at-deloitte-4231832420,5/20/2025
919,Analista de Dados Jr (Ã¡rea de Fraude) - SÃ£o Paulo/SP,Shopee,"SÃ£o Paulo, SÃ£o Paulo, Brazil",https://br.linkedin.com/jobs/view/analista-de-dados-jr-%C3%A1rea-de-fraude-s%C3%A3o-paulo-sp-at-shopee-4232817742,5/21/2025
920,Analista de Dados Jr,Edenred Brasil,"SÃ£o Paulo, SÃ£o Paulo, Brazil",https://br.linkedin.com/jobs/view/analista-de-dados-jr-at-edenred-brasil-4234410755,5/21/2025
921,Data Analyst,Schbang,Mumbai Metropolitan Region,https://in.linkedin.com/jobs/view/data-analyst-at-schbang-4232295581,5/21/2025
922,Internship - Data Analysis [RID-00469],Setel,Kuala Lumpur,https://my.linkedin.com/jobs/view/internship-data-analysis-rid-00469-at-setel-4234856201,5/22/2025
923,Product Data Analyst,Crypto.com,Hong Kong,https://hk.linkedin.com/jobs/view/product-data-analyst-at-crypto-com-4232867226,5/22/2025
924,ICICI Securities - Data Analyst - SQL/Python,ICICIDirect,Navi Mumbai,https://in.linkedin.com/jobs/view/icici-securities-data-analyst-sql-python-at-icicidirect-4234752312,5/22/2025
925,Data Analyst,LTIMindtree,Pune,https://in.linkedin.com/jobs/view/data-analyst-at-ltimindtree-4232670506,5/22/2025
926,Operation Analyst-Power Bi & SQL,Tech Mahindra,Hyderabad,https://in.linkedin.com/jobs/view/operation-analyst-power-bi-sql-at-tech-mahindra-4232506361,5/21/2025
927,Data Analyst,La Fosse,London,https://uk.linkedin.com/jobs/view/data-analyst-at-la-fosse-4231423024,5/20/2025
929,Junior Data Analyst,Observador,Lisbon,https://pt.linkedin.com/jobs/view/junior-data-analyst-at-observador-4234421958,5/21/2025
931,"Data Analyst - Brand Analytics, Regional Brand Partnership",Shopee,Singapore,https://sg.linkedin.com/jobs/view/data-analyst-brand-analytics-regional-brand-partnership-at-shopee-4233349955,5/20/2025
932,Marketing Data Analyst,Naranja X,Argentina,https://ar.linkedin.com/jobs/view/marketing-data-analyst-at-naranja-x-4231883998,5/20/2025
936,Data Analyst,i3,London,https://uk.linkedin.com/jobs/view/data-analyst-at-i3-4231821406,5/20/2025
938,Data Analyst-1,Games24x7,Bengaluru,https://in.linkedin.com/jobs/view/data-analyst-1-at-games24x7-4231814795,5/20/2025
939,Data Analyst I,Booking.com,Amsterdam,https://nl.linkedin.com/jobs/view/data-analyst-i-at-booking-com-4234716035,5/21/2025
940,Data Analyst,Circle K,Gurgaon,https://in.linkedin.com/jobs/view/data-analyst-at-circle-k-4231645514,5/21/2025
942,Data Analyst,La Fosse,Chiswick,https://uk.linkedin.com/jobs/view/data-analyst-at-la-fosse-4231422437,5/20/2025
946,PowerBi,Virtusa,Mumbai Metropolitan Region,https://in.linkedin.com/jobs/view/powerbi-at-virtusa-4231821769,5/20/2025
947,Analista de Dados de OperaÃ§Ãµes Junior,Dasa,Cascavel,https://br.linkedin.com/jobs/view/analista-de-dados-de-opera%C3%A7%C3%B5es-junior-at-dasa-4230654934,5/19/2025
949,Data Analyst,University of Warwick,Greater Coventry Area,https://uk.linkedin.com/jobs/view/data-analyst-at-university-of-warwick-4233367305,5/20/2025
950,Data Analyst,Urban Gym Group,"Amsterdam-Centrum, North Holland, Netherlands",https://nl.linkedin.com/jobs/view/data-analyst-at-urban-gym-group-4234205828,5/21/2025
951,Analyst-Data Analytics,American Express,Gurgaon,https://in.linkedin.com/jobs/view/analyst-data-analytics-at-american-express-4234084242,5/21/2025
952,ANALISTA DE DADOS JR / PL,Direcional Engenharia,"SÃ£o Paulo, SÃ£o Paulo, Brazil",https://br.linkedin.com/jobs/view/analista-de-dados-jr-pl-at-direcional-engenharia-4231488203,5/20/2025
954,Analista Cadastro II,A.C.Camargo Cancer Center,"SÃ£o Paulo, SÃ£o Paulo, Brazil",https://br.linkedin.com/jobs/view/analista-cadastro-ii-at-a-c-camargo-cancer-center-4231964254,5/21/2025
956,Junior Data Analyst,AMBOSS,Berlin,https://de.linkedin.com/jobs/view/junior-data-analyst-at-amboss-4233632493,5/20/2025
957,Business Intelligence Analyst,upGrad,Mumbai,https://in.linkedin.com/jobs/view/business-intelligence-analyst-at-upgrad-4231160531,5/20/2025
958,Data Analyst,Kindred,India,https://in.linkedin.com/jobs/view/data-analyst-at-kindred-4231837513,5/20/2025
959,Analyst - Data Analytics,KPMG India,Gurgaon,https://in.linkedin.com/jobs/view/analyst-data-analytics-at-kpmg-india-4234844224,5/22/2025
962,"Data Analyst (Remote, Graveyard)",Anytime Mailbox,Philippines,https://ph.linkedin.com/jobs/view/data-analyst-remote-graveyard-at-anytime-mailbox-4234783729,5/22/2025
963,"Quant Analytics Analyst - SQL, Python",JPMorganChase,Bengaluru,https://in.linkedin.com/jobs/view/quant-analytics-analyst-sql-python-at-jpmorganchase-4232222983,5/20/2025
965,Data Analyst,Cognizant,Dublin,https://ie.linkedin.com/jobs/view/data-analyst-at-cognizant-4232642141,5/22/2025
1025,Junior Data Analyst,AARATECH,New York City,https://www.linkedin.com/jobs/view/junior-data-analyst-at-aaratech-4234707579,5/21/2025
1077,Data Visualisation & Insights Analyst,Nixor,Gaydon,https://uk.linkedin.com/jobs/view/data-visualisation-insights-analyst-at-nixor-4230840534,5/19/2025
1079,Senior Data Analyst [T500-18077],Careem,Bengaluru,https://in.linkedin.com/jobs/view/senior-data-analyst-t500-18077-at-careem-4234212062,5/21/2025
1081,Analista de Dados II,Meta,Brazil,https://br.linkedin.com/jobs/view/analista-de-dados-ii-at-meta-4230892742,5/19/2025
1082,Business Intelligence Analyst,Mastek,Bengaluru,https://in.linkedin.com/jobs/view/business-intelligence-analyst-at-mastek-4231858297,5/20/2025
1083,Data Analytics Analyst (H/F),ODDO BHF,Frankfurt,https://de.linkedin.com/jobs/view/data-analytics-analyst-h-f-at-oddo-bhf-4231142401,5/20/2025
1084,Marketing Data Analyst,Nicholson Glover,London,https://uk.linkedin.com/jobs/view/marketing-data-analyst-at-nicholson-glover-4232526384,5/21/2025
1085,Analista de Business Intelligence JÃºnior,iFood,Brazil,https://br.linkedin.com/jobs/view/analista-de-business-intelligence-j%C3%BAnior-at-ifood-4233158988,5/19/2025
1206,Data Scientist (L5) - Content,Netflix,United States,https://www.linkedin.com/jobs/view/data-scientist-l5-content-at-netflix-4179694651,5/16/2025
1207,AI Research Scientist,Zoom,Seattle,https://www.linkedin.com/jobs/view/ai-research-scientist-at-zoom-4197423083,5/15/2025
1208,Data Scientist (L5) - Customer Service,Netflix,United States,https://www.linkedin.com/jobs/view/data-scientist-l5-customer-service-at-netflix-4231868796,5/20/2025
1209,"Data Scientist, Product Analytics",Handshake,San Francisco,https://www.linkedin.com/jobs/view/data-scientist-product-analytics-at-handshake-4232230537,5/20/2025
1210,"Data Scientist (L6), Games",Netflix,California,https://www.linkedin.com/jobs/view/data-scientist-l6-games-at-netflix-4232596902,5/21/2025
1211,Data Scientist (L5) - Customer Service Experimentation,Netflix,United States,https://www.linkedin.com/jobs/view/data-scientist-l5-customer-service-experimentation-at-netflix-4231869729,5/20/2025
1213,Growth Data Scientist/ Analyst,Crypto.com,United States,https://www.linkedin.com/jobs/view/growth-data-scientist-analyst-at-crypto-com-4202438901,5/20/2025
1214,Data Scientist,Warner Music Group,New York City,https://www.linkedin.com/jobs/view/data-scientist-at-warner-music-group-4197998463,5/16/2025
1215,"Data Scientist, Customer Analytics (Remote)",Experian,United States,https://www.linkedin.com/jobs/view/data-scientist-customer-analytics-remote-at-experian-4233179036,5/20/2025
1216,Data Scientist,Twitch,San Francisco,https://www.linkedin.com/jobs/view/data-scientist-at-twitch-4216487167,5/20/2025
1217,Data Scientist (L5) - Member Algorithm Foundations,Netflix,United States,https://www.linkedin.com/jobs/view/data-scientist-l5-member-algorithm-foundations-at-netflix-4138391092,5/19/2025
1218,Data Scientist,StreetID,New York City Metropolitan Area,https://www.linkedin.com/jobs/view/data-scientist-at-streetid-3819704675,5/21/2025
1219,Machine Learning Engineer,Samsung Electronics,"Mountain View, California",https://www.linkedin.com/jobs/view/machine-learning-engineer-at-samsung-electronics-4231475202,5/20/2025
1220,"Data Scientist, Remote",Experian,United States,https://www.linkedin.com/jobs/view/data-scientist-remote-at-experian-4230956764,5/15/2025
1221,Data Scientist,Rokt,New York City,https://www.linkedin.com/jobs/view/data-scientist-at-rokt-4232562040,5/21/2025
1222,Data Scientist,Elder Research,United States,https://www.linkedin.com/jobs/view/data-scientist-at-elder-research-4139737548,5/21/2025
1223,AI/ML Engineer,Blueprint,New York City,https://www.linkedin.com/jobs/view/ai-ml-engineer-at-blueprint-4234787206,5/22/2025
1224,AI/ML Engineer,Blueprint,San Francisco,https://www.linkedin.com/jobs/view/ai-ml-engineer-at-blueprint-4234786250,5/22/2025
1225,AI/ML Engineer,Blueprint,Chicago,https://www.linkedin.com/jobs/view/ai-ml-engineer-at-blueprint-4234786247,5/22/2025
1226,Data Scientist (Remote),Elder Research,"Arlington County, Virginia",https://www.linkedin.com/jobs/view/data-scientist-remote-at-elder-research-3921376611,5/17/2025
1227,"Data Scientist, Product Analytics - Retail Analytics",Meta,New York City,https://www.linkedin.com/jobs/view/data-scientist-product-analytics-retail-analytics-at-meta-4213138039,5/15/2025
1228,Data Scientist - Sports Analytics,Inizio Partners,New York City Metropolitan Area,https://www.linkedin.com/jobs/view/data-scientist-sports-analytics-at-inizio-partners-4230147263,5/21/2025
1229,AI/ML Engineer,Blueprint,United States,https://www.linkedin.com/jobs/view/ai-ml-engineer-at-blueprint-4234781946,5/22/2025
1230,Data Scientist- Jr,Peraton,"Washington, D.C.",https://www.linkedin.com/jobs/view/data-scientist-jr-at-peraton-4217669627,5/17/2025
1231,Machine Learning Engineer (L4/5) - Studio Media Algorithms,Netflix,United States,https://www.linkedin.com/jobs/view/machine-learning-engineer-l4-5-studio-media-algorithms-at-netflix-4178259234,5/15/2025
1232,Machine Learning Engineer,Bytez,San Francisco Bay Area,https://www.linkedin.com/jobs/view/machine-learning-engineer-at-bytez-4229499282,5/16/2025
1233,Data Scientist- Entry Level,Incedo Inc.,"Florham Park, New Jersey",https://www.linkedin.com/jobs/view/data-scientist-entry-level-at-incedo-inc-4231482147,5/20/2025
1234,AI/ML Engineer (early-career),Lockheed Martin,Texas,https://www.linkedin.com/jobs/view/ai-ml-engineer-early-career-at-lockheed-martin-4232591258,5/21/2025
1235,"Staff Data Scientist, Locations",Airbnb,United States,https://www.linkedin.com/jobs/view/staff-data-scientist-locations-at-airbnb-4200191937,5/16/2025
1236,Data Scientist,Twitch,San Francisco,https://www.linkedin.com/jobs/view/data-scientist-at-twitch-4231102353,5/20/2025
1237,Junior Data Scientist,Lensa,"Arlington County, Virginia",https://www.linkedin.com/jobs/view/junior-data-scientist-at-lensa-4234738863,5/22/2025
1238,Operations Data Scientist,Aspect Software,United States,https://www.linkedin.com/jobs/view/operations-data-scientist-at-aspect-software-4231157412,5/20/2025
1239,Data Scientist,The Energy Authority,"Bellevue, Washington",https://www.linkedin.com/jobs/view/data-scientist-at-the-energy-authority-4232962328,5/19/2025
1240,Data Scientist,Illumination Works,United States,https://www.linkedin.com/jobs/view/data-scientist-at-illumination-works-4186294386,5/16/2025
1241,"Data Scientist,  Marketing Analytics",Ibotta,Denver,https://www.linkedin.com/jobs/view/data-scientist-marketing-analytics-at-ibotta-4196428730,5/16/2025
1242,Data Scientist - Simulation,Eli Lilly and Company,Indianapolis,https://www.linkedin.com/jobs/view/data-scientist-simulation-at-eli-lilly-and-company-4213560558,5/16/2025
1243,"Data Scientist, Square Support",Square,United States,https://www.linkedin.com/jobs/view/data-scientist-square-support-at-square-4231969552,5/21/2025
1244,Junior Data Scientist,Tech Consulting,Florida,https://www.linkedin.com/jobs/view/junior-data-scientist-at-tech-consulting-4231943871,5/21/2025
1246,Data Scientist,Ascendion,United States,https://www.linkedin.com/jobs/view/data-scientist-at-ascendion-4231949405,5/21/2025
1247,Data Scientist 1,PayPal,Chicago,https://www.linkedin.com/jobs/view/data-scientist-1-at-paypal-4232566076,5/21/2025
1248,Data Scientist and Analysis,Randstad Life Sciences US,San Francisco,https://www.linkedin.com/jobs/view/data-scientist-and-analysis-at-randstad-life-sciences-us-4231981279,5/21/2025
1249,Data Scientist,Takeda,Boston,https://www.linkedin.com/jobs/view/data-scientist-at-takeda-4199456239,5/17/2025
1250,AI/ML Engineer,Ringside Talent,Chicago,https://www.linkedin.com/jobs/view/ai-ml-engineer-at-ringside-talent-4232933476,5/19/2025
1251,Data Scientist,Disney Music Group,"Burbank, California",https://www.linkedin.com/jobs/view/data-scientist-at-disney-music-group-4230762621,5/15/2025
1252,"Data Scientist, Product Analytics - Retail Analytics",Meta,"Burlingame, California",https://www.linkedin.com/jobs/view/data-scientist-product-analytics-retail-analytics-at-meta-4213132751,5/15/2025
1253,Data Scientist,Ford Motor Company,"Dearborn, Michigan",https://www.linkedin.com/jobs/view/data-scientist-at-ford-motor-company-4232826049,5/21/2025
1254,Data Scientist,The Arena,"Washington, D.C.",https://www.linkedin.com/jobs/view/data-scientist-at-the-arena-4232802796,5/21/2025
1255,Data Scientist (Remote),"OCULUS, Inc.","Arlington, Washington",https://www.linkedin.com/jobs/view/data-scientist-remote-at-oculus-inc-4230611846,5/19/2025
1256,Machine Learning Engineer,StreetID,New York City Metropolitan Area,https://www.linkedin.com/jobs/view/machine-learning-engineer-at-streetid-3811924406,5/21/2025
1257,Data Scientist,Skai,New York City,https://www.linkedin.com/jobs/view/data-scientist-at-skai-4213574740,5/16/2025
1258,Sr. Data Scientist (Commercial Analytics),Cedar,United States,https://www.linkedin.com/jobs/view/sr-data-scientist-commercial-analytics-at-cedar-4203154568,5/21/2025
1259,"Decision Scientist, Client Analytics",Simbe,"South San Francisco, California",https://www.linkedin.com/jobs/view/decision-scientist-client-analytics-at-simbe-4234803870,5/22/2025
1260,Data Scientist,TechOp Solutions International,"Tampa, Florida",https://www.linkedin.com/jobs/view/data-scientist-at-techop-solutions-international-4234416303,5/20/2025
1261,Machine Learning Engineer,Aviture,"Omaha, Nebraska",https://www.linkedin.com/jobs/view/machine-learning-engineer-at-aviture-4233683064,5/20/2025
1262,Data Scientist,AE Studio,United States,https://www.linkedin.com/jobs/view/data-scientist-at-ae-studio-4056144932,5/15/2025
1263,Product Data Scientist,Bask Health,New York City,https://www.linkedin.com/jobs/view/product-data-scientist-at-bask-health-4231735843,5/16/2025
1264,Data Scientist - ML & Algorithms Focus,Conviva,"Foster City, California",https://www.linkedin.com/jobs/view/data-scientist-ml-algorithms-focus-at-conviva-4183433959,5/21/2025
1265,"Sr. Data Scientist, Analytics - Core Product",Quizlet,San Francisco,https://www.linkedin.com/jobs/view/sr-data-scientist-analytics-core-product-at-quizlet-4213103704,5/15/2025
1266,Data Scientist,HDFC Bank,Mumbai,https://in.linkedin.com/jobs/view/data-scientist-at-hdfc-bank-4231292721,5/20/2025
1269,Data Science Specialist,Banque Misr,Cairo,https://eg.linkedin.com/jobs/view/data-science-specialist-at-banque-misr-4234408567,5/21/2025
1272,Cientista de Dados em People Analytics,Cielo,Barueri,https://br.linkedin.com/jobs/view/cientista-de-dados-em-people-analytics-at-cielo-4232209586,5/20/2025
1273,Machine Learning Engineer,Sodexo,Mumbai,https://in.linkedin.com/jobs/view/machine-learning-engineer-at-sodexo-4234807638,5/22/2025
1278,Junior Data Scientist,Intellect Group,London,https://uk.linkedin.com/jobs/view/junior-data-scientist-at-intellect-group-4232971500,5/19/2025
1279,Data Scientist,Mondu,Berlin,https://de.linkedin.com/jobs/view/data-scientist-at-mondu-4233645220,5/20/2025
1281,Data Scientist,Banco de CrÃ©dito BCP,Lima,https://pe.linkedin.com/jobs/view/data-scientist-at-banco-de-cr%C3%A9dito-bcp-4233837991,5/20/2025
1283,Data Scientist â€“ Data Science Analytics and Enablement (DSAE),Sony Interactive Entertainment,London,https://uk.linkedin.com/jobs/view/data-scientist-%E2%80%93-data-science-analytics-and-enablement-dsae-at-sony-interactive-entertainment-4230853520,5/19/2025
1284,Junior Data Scientist,Munich Re,Dubai,https://ae.linkedin.com/jobs/view/junior-data-scientist-at-munich-re-4234827547,5/22/2025
1285,Data Scientist,SLB,Pune,https://in.linkedin.com/jobs/view/data-scientist-at-slb-4232633957,5/22/2025
1286,Data Scientist,Interbank,Lima,https://pe.linkedin.com/jobs/view/data-scientist-at-interbank-4233136132,5/19/2025
1288,AI/ML Engineer,Blueprint,Canada,https://ca.linkedin.com/jobs/view/ai-ml-engineer-at-blueprint-4234785249,5/22/2025
1290,Junior Machine Learning Engineer,Advansys,"Nasr City, Cairo, Egypt",https://eg.linkedin.com/jobs/view/junior-machine-learning-engineer-at-advansys-4233827465,5/20/2025
1291,Data Scientist,Protect Group,Pune,https://in.linkedin.com/jobs/view/data-scientist-at-protect-group-4234788377,5/22/2025
1292,Junior Data Scientist,Amartha,Jakarta Metropolitan Area,https://id.linkedin.com/jobs/view/junior-data-scientist-at-amartha-4234815582,5/22/2025
1293,Data Scientist,Chubb Life New Zealand,Auckland,https://nz.linkedin.com/jobs/view/data-scientist-at-chubb-life-new-zealand-4233870985,5/21/2025
1294,Machine Learning Officer - Junior,Inetum,Lisbon,https://pt.linkedin.com/jobs/view/machine-learning-officer-junior-at-inetum-4234276824,5/21/2025
1295,Junior Data Scientist - User Fraud,Spotify,Stockholm,https://se.linkedin.com/jobs/view/junior-data-scientist-user-fraud-at-spotify-4233119227,5/19/2025
1296,Data Scientist,Scotiabank,Toronto,https://ca.linkedin.com/jobs/view/data-scientist-at-scotiabank-4231994503,5/22/2025
1297,JUNIOR DATA SCIENTIST,IRIUM,Viladecans,https://es.linkedin.com/jobs/view/junior-data-scientist-at-irium-4233656798,5/20/2025
1298,Data Scientist II - Client Platform,Spotify,Stockholm,https://se.linkedin.com/jobs/view/data-scientist-ii-client-platform-at-spotify-4161598349,5/21/2025
1299,AI/ML Engineer,TechHeads,"County Dublin, Ireland",https://ie.linkedin.com/jobs/view/ai-ml-engineer-at-techheads-4234217039,5/21/2025
1300,Machine Learning Engineer Junior,Experian Spanish Latam,Bogotá,https://co.linkedin.com/jobs/view/machine-learning-engineer-junior-at-experian-spanish-latam-4232587004,5/22/2025
1301,Data Scientist,Eden Smith Group,Kent,https://uk.linkedin.com/jobs/view/data-scientist-at-eden-smith-group-4232897437,5/22/2025
1302,Data Scientist,Recro,Bengaluru,https://in.linkedin.com/jobs/view/data-scientist-at-recro-4231148613,5/20/2025
1303,Data Scientist,Chubb Life New Zealand,Christchurch,https://nz.linkedin.com/jobs/view/data-scientist-at-chubb-life-new-zealand-4233876506,5/21/2025
1304,"Machine Learning Engineer ,Pytorch Engineering , Bangalore, India",Red Hat,Bengaluru,https://in.linkedin.com/jobs/view/machine-learning-engineer-pytorch-engineering-bangalore-india-at-red-hat-4230274135,5/19/2025
1309,Data Scientist,IndusInd Bank,Gurgaon,https://in.linkedin.com/jobs/view/data-scientist-at-indusind-bank-4232883731,5/22/2025
1310,Data Scientist,Chubb Life New Zealand,Wellington,https://nz.linkedin.com/jobs/view/data-scientist-at-chubb-life-new-zealand-4233872808,5/21/2025
1311,Data Scientist,Lenovo,Kuala Lumpur,https://my.linkedin.com/jobs/view/data-scientist-at-lenovo-4230295159,5/19/2025
1312,Data Scientist,HomeBuddy,Spain,https://es.linkedin.com/jobs/view/data-scientist-at-homebuddy-4231909246,5/21/2025
1313,Junior Data Scientist,CooperVision,Fareham,https://uk.linkedin.com/jobs/view/junior-data-scientist-at-coopervision-4216547330,5/20/2025
1314,DE&S Data Scientist,UK Ministry of Defence,Bristol,https://uk.linkedin.com/jobs/view/de-s-data-scientist-at-uk-ministry-of-defence-4230296132,5/19/2025
1315,Data Scientist,Aurum,London,https://uk.linkedin.com/jobs/view/data-scientist-at-aurum-4231952271,5/21/2025
1316,DATA Scientist,Gruppo BCC Iccrea,Rome,https://it.linkedin.com/jobs/view/data-scientist-at-gruppo-bcc-iccrea-4231859702,5/20/2025
1317,Data Scientist,Jubilant FoodWorks Ltd.,Noida,https://in.linkedin.com/jobs/view/data-scientist-at-jubilant-foodworks-ltd-4232856724,5/22/2025
1318,Data Scientist,Crisil,"Bogotá¡, Capital District, Colombia",https://co.linkedin.com/jobs/view/data-scientist-at-crisil-4232986437,5/19/2025
1321,"Data Scientist, Product, Play Monetization",Google,Bengaluru,https://in.linkedin.com/jobs/view/data-scientist-product-play-monetization-at-google-4232802813,5/21/2025
1445,Analytics Engineer (L5) - Consumer Insights DSE,Netflix,"Los Gatos, California",https://www.linkedin.com/jobs/view/analytics-engineer-l5-consumer-insights-dse-at-netflix-4137881308,5/17/2025
1446,Analytics Engineer (L5) - Ads,Netflix,United States,https://www.linkedin.com/jobs/view/analytics-engineer-l5-ads-at-netflix-4229059289,5/16/2025
1447,Data Engineer,PepsiCo,Chicago,https://www.linkedin.com/jobs/view/data-engineer-at-pepsico-3998838429,5/16/2025
1448,Data Engineer (L5) - Commerce Product Data Engineering,Netflix,United States,https://www.linkedin.com/jobs/view/data-engineer-l5-commerce-product-data-engineering-at-netflix-4199138007,5/16/2025
1449,Data Engineer I,Chewy,"Plantation, Florida",https://www.linkedin.com/jobs/view/data-engineer-i-at-chewy-4216911413,5/16/2025
1450,Data Engineer I,Chewy,"Bellevue, Washington",https://www.linkedin.com/jobs/view/data-engineer-i-at-chewy-4216907942,5/16/2025
1451,Data Engineer,OPPO,"Palo Alto, California",https://www.linkedin.com/jobs/view/data-engineer-at-oppo-4232023043,5/17/2025
1452,Data Engineer,Finix,San Francisco,https://www.linkedin.com/jobs/view/data-engineer-at-finix-4160656913,5/17/2025
1453,Data Engineer,Adobe,"San Jose, California",https://www.linkedin.com/jobs/view/data-engineer-at-adobe-4230230316,5/19/2025
1454,Data Engineer (L5) - Content Production & Promotion,Netflix,United States,https://www.linkedin.com/jobs/view/data-engineer-l5-content-production-promotion-at-netflix-4179982116,5/16/2025
1455,Data Engineer,Atlassian,San Francisco,https://www.linkedin.com/jobs/view/data-engineer-at-atlassian-4133561653,5/17/2025
1456,Data Engineer,Discord,San Francisco,https://www.linkedin.com/jobs/view/data-engineer-at-discord-4231608071,5/21/2025
1457,Data Engineer - Spark,"Lowe's Companies, Inc.","Charlotte, North Carolina",https://www.linkedin.com/jobs/view/data-engineer-spark-at-lowe-s-companies-inc-4219405720,5/21/2025
1458,Data Engineer,PepsiCo,"Purchase, New York",https://www.linkedin.com/jobs/view/data-engineer-at-pepsico-3998841067,5/17/2025
1459,Software Engineer (L4) - Cloud Network Engineering,Netflix,United States,https://www.linkedin.com/jobs/view/software-engineer-l4-cloud-network-engineering-at-netflix-4202060410,5/21/2025
1460,Senior Data Engineer,Calm,San Francisco,https://www.linkedin.com/jobs/view/senior-data-engineer-at-calm-4219081952,5/20/2025
1461,Software Engineer L5 - Ads Platform,Netflix,United States,https://www.linkedin.com/jobs/view/software-engineer-l5-ads-platform-at-netflix-3983498007,5/15/2025
1462,"Junior Data Engineer (Remote, US)",Sayari,United States,https://www.linkedin.com/jobs/view/junior-data-engineer-remote-us-at-sayari-4217399865,5/21/2025
1463,"Data Engineer, Data Application",TikTok,Seattle,https://www.linkedin.com/jobs/view/data-engineer-data-application-at-tiktok-4076508695,5/17/2025
1464,Systems Software Engineer L4,Netflix,United States,https://www.linkedin.com/jobs/view/systems-software-engineer-l4-at-netflix-4202434316,5/21/2025
1465,Junior Data Engineer,IDEXX,"Nashville, Tennessee",https://www.linkedin.com/jobs/view/junior-data-engineer-at-idexx-4215784981,5/15/2025
1466,Analytics Engineer,Google DeepMind,"Mountain View, California",https://www.linkedin.com/jobs/view/analytics-engineer-at-google-deepmind-4184882913,5/19/2025
1468,Data Engineer,Indiana University Indianapolis,Indianapolis,https://www.linkedin.com/jobs/view/data-engineer-at-indiana-university-indianapolis-4232998915,5/19/2025
1469,Data Engineer,Casey's,Des Moines Metropolitan Area,https://www.linkedin.com/jobs/view/data-engineer-at-casey-s-4230893469,5/20/2025
1470,"Data Engineer, Personalization",Spotify,New York City,https://www.linkedin.com/jobs/view/data-engineer-personalization-at-spotify-4233190693,5/20/2025
1471,Senior Data Engineer,Samsara,United States,https://www.linkedin.com/jobs/view/senior-data-engineer-at-samsara-4212085122,5/15/2025
1472,Data Engineer I,"Clyde Companies, Inc.","Orem, Utah",https://www.linkedin.com/jobs/view/data-engineer-i-at-clyde-companies-inc-4228763480,5/16/2025
1473,Data Engineer,Middle Seat,"Washington, D.C.",https://www.linkedin.com/jobs/view/data-engineer-at-middle-seat-4232940657,5/19/2025
1474,Data Engineer,Ibotta,Denver,https://www.linkedin.com/jobs/view/data-engineer-at-ibotta-4216499552,5/20/2025
1475,Data Engineer,Alibaba Cloud,Los Angeles,https://www.linkedin.com/jobs/view/data-engineer-at-alibaba-cloud-4231379792,5/16/2025
1476,Analytics Engineer,DoorDash,San Francisco,https://www.linkedin.com/jobs/view/analytics-engineer-at-doordash-4180679352,5/18/2025
1477,"Data Engineer - Atlanta, GA",The Home Depot,Atlanta,https://www.linkedin.com/jobs/view/data-engineer-atlanta-ga-at-the-home-depot-4229577147,5/17/2025
1478,Analytics Engineer,DoorDash,"Sunnyvale, California",https://www.linkedin.com/jobs/view/analytics-engineer-at-doordash-4180683071,5/17/2025
1479,"Senior Data Engineer, Snowflake",Presidio,United States,https://www.linkedin.com/jobs/view/senior-data-engineer-snowflake-at-presidio-4220620061,5/15/2025
1480,Senior Data Engineer,Discord,San Francisco,https://www.linkedin.com/jobs/view/senior-data-engineer-at-discord-4177777076,5/22/2025
1481,Experienced Data Engineer - Data Engineering,Plaid,San Francisco,https://www.linkedin.com/jobs/view/experienced-data-engineer-data-engineering-at-plaid-4204406934,5/21/2025
1482,Senior Data Engineer,Handshake,San Francisco,https://www.linkedin.com/jobs/view/senior-data-engineer-at-handshake-4215927942,5/15/2025
1483,Data / BI Engineer,Veracity Software Inc,California,https://www.linkedin.com/jobs/view/data-bi-engineer-at-veracity-software-inc-4232550200,5/21/2025
1484,Data Engineer,Sigma,San Francisco,https://www.linkedin.com/jobs/view/data-engineer-at-sigma-4228057269,5/19/2025
1485,"Data Engineer, Product Analytics",Meta,"Fremont, California",https://www.linkedin.com/jobs/view/data-engineer-product-analytics-at-meta-4215619160,5/17/2025
1486,Data Engineer,Adobe,"Lehi, Utah",https://www.linkedin.com/jobs/view/data-engineer-at-adobe-4230227881,5/19/2025
1487,"Data Engineer I (Reno, NV/ Hybrid, US)",Bombora,"Reno, Nevada",https://www.linkedin.com/jobs/view/data-engineer-i-reno-nv-hybrid-us-at-bombora-4231060742,5/16/2025
1488,"Data Engineer II, PubTech Data, Insights & Analytics",Amazon,Seattle,https://www.linkedin.com/jobs/view/data-engineer-ii-pubtech-data-insights-analytics-at-amazon-4213178770,5/16/2025
1489,Data Engineer,Leader Bank,United States,https://www.linkedin.com/jobs/view/data-engineer-at-leader-bank-4233100791,5/19/2025
1490,"Data Engineer, CPSA",Amazon,Seattle,https://www.linkedin.com/jobs/view/data-engineer-cpsa-at-amazon-4231018498,5/15/2025
1491,Analytics Engineer,DoorDash,Seattle,https://www.linkedin.com/jobs/view/analytics-engineer-at-doordash-4180682122,5/17/2025
1492,Data Engineer,Tubi,San Francisco Bay Area,https://www.linkedin.com/jobs/view/data-engineer-at-tubi-4219379735,5/21/2025
1493,"Data Engineer, P2 Science, Data, and Insights",Amazon,Seattle,https://www.linkedin.com/jobs/view/data-engineer-p2-science-data-and-insights-at-amazon-4217805111,5/20/2025
1494,Software Engineer 4 - TV & Web Player Platform,Netflix,"Los Gatos, California",https://www.linkedin.com/jobs/view/software-engineer-4-tv-web-player-platform-at-netflix-4199628396,5/17/2025
1495,Junior Data Engineer,Medpace,Cincinnati,https://www.linkedin.com/jobs/view/junior-data-engineer-at-medpace-4217695016,5/17/2025
1496,Software/AI Engineer (New Grad),FurtherAI,San Francisco,https://www.linkedin.com/jobs/view/software-ai-engineer-new-grad-at-furtherai-4227981415,5/15/2025
1497,"Software Engineer (L5), Ads Supply",Netflix,United States,https://www.linkedin.com/jobs/view/software-engineer-l5-ads-supply-at-netflix-4215117490,5/17/2025
1498,Sr. Data & Analytics Engineer,Rivian,"Irvine, California",https://www.linkedin.com/jobs/view/sr-data-analytics-engineer-at-rivian-4217219845,5/16/2025
1499,Data Engineer II,AppFolio,San Francisco,https://www.linkedin.com/jobs/view/data-engineer-ii-at-appfolio-4231722141,5/16/2025
1500,Senior Data Engineer,PepsiCo,"Plano, Texas",https://www.linkedin.com/jobs/view/senior-data-engineer-at-pepsico-4061675451,5/17/2025
1501,Data Engineer,SewerAI,"Walnut Creek, California",https://www.linkedin.com/jobs/view/data-engineer-at-sewerai-4233339250,5/20/2025
1502,Data Engineer,Tech Mahindra Business Process Services,"San Jose, California",https://www.linkedin.com/jobs/view/data-engineer-at-tech-mahindra-business-process-services-4231965994,5/21/2025
1503,"Software Engineer, Search Infrastructure",Notion,New York City,https://www.linkedin.com/jobs/view/software-engineer-search-infrastructure-at-notion-4002219029,5/15/2025
1504,Data Engineer II,AppFolio,Chicago,https://www.linkedin.com/jobs/view/data-engineer-ii-at-appfolio-4231719557,5/16/2025
1505,Data Engineer,PwC India,Gurgaon,https://in.linkedin.com/jobs/view/data-engineer-at-pwc-india-4228310054,5/15/2025
1507,"Data Engineer, ITC",Nike,Karnataka,https://in.linkedin.com/jobs/view/data-engineer-itc-at-nike-4233842854,5/20/2025
1508,ICICI Securities - Data Engineer - Python/SQL/ETL,ICICIDirect,Navi Mumbai,https://in.linkedin.com/jobs/view/icici-securities-data-engineer-python-sql-etl-at-icicidirect-4233880080,5/21/2025
1512,"Data Engineer, Pricing",Lyft,Toronto,https://ca.linkedin.com/jobs/view/data-engineer-pricing-at-lyft-4213192575,5/15/2025
1514,Data Engineer,ASOS.com,London,https://uk.linkedin.com/jobs/view/data-engineer-at-asos-com-4231423834,5/20/2025
1515,"Data Engineer, Davengers(Data Avengers)",Amazon,Noida,https://in.linkedin.com/jobs/view/data-engineer-davengers-data-avengers-at-amazon-4214270028,5/16/2025
1516,Junior Data engineer ( Python and SQL ) - 2 to 3 years only,NielsenIQ,Chennai,https://in.linkedin.com/jobs/view/junior-data-engineer-python-and-sql-2-to-3-years-only-at-nielseniq-4228773827,5/16/2025
1517,"Data Engineer , Aladdin Data - Associate",BlackRock,Mumbai,https://in.linkedin.com/jobs/view/data-engineer-aladdin-data-associate-at-blackrock-4200214521,5/16/2025
1518,Data Engineer,Indigo,Toronto,https://ca.linkedin.com/jobs/view/data-engineer-at-indigo-4233643807,5/20/2025
1519,Data Engineer @ CDMX,Cinepolis Corporativo,Mexico City,https://mx.linkedin.com/jobs/view/data-engineer-%40-cdmx-at-cinepolis-corporativo-4232590649,5/21/2025
1521,Data Engineer (Medior),The HEINEKEN Company,Amsterdam,https://nl.linkedin.com/jobs/view/data-engineer-medior-at-the-heineken-company-4208840466,5/15/2025
1522,Reporting Data Engineer,EY,Bengaluru,https://in.linkedin.com/jobs/view/reporting-data-engineer-at-ey-4213544699,5/16/2025
1523,Data & Software Engineer (L5) â€” Productivity Metrics and System Insights,Netflix,Warsaw,https://pl.linkedin.com/jobs/view/data-software-engineer-l5-%E2%80%94-productivity-metrics-and-system-insights-at-netflix-4198584968,5/17/2025
1524,Data Insights and Analytics Engineer,NVIDIA,Bengaluru,https://in.linkedin.com/jobs/view/data-insights-and-analytics-engineer-at-nvidia-4217100816,5/20/2025
1526,Data Engineer,ExxonMobil,Bangkok,https://th.linkedin.com/jobs/view/data-engineer-at-exxonmobil-4205502726,5/22/2025
1527,AWS Data Engineer,KPMG India,Bengaluru,https://in.linkedin.com/jobs/view/aws-data-engineer-at-kpmg-india-4231540867,5/16/2025
1528,"Data Engineer, Experimentation",Lyft,Toronto,https://ca.linkedin.com/jobs/view/data-engineer-experimentation-at-lyft-4199950166,5/15/2025
1529,Data Insights and Analytics Engineer,NVIDIA,Pune,https://in.linkedin.com/jobs/view/data-insights-and-analytics-engineer-at-nvidia-4217102736,5/20/2025
1531,Data Engineer Specialist,Banco Bradesco,Curitiba,https://br.linkedin.com/jobs/view/data-engineer-specialist-at-banco-bradesco-4200211575,5/17/2025
1532,Junior Data Engineer,CrÃ©dit Agricole CIB,Singapore,https://sg.linkedin.com/jobs/view/junior-data-engineer-at-cr%C3%A9dit-agricole-cib-4214409587,5/22/2025
1533,Data Engineer - Content Understanding,Spotify,London,https://uk.linkedin.com/jobs/view/data-engineer-content-understanding-at-spotify-4201394918,5/17/2025
1534,Data Engineer,Dario,Gurgaon,https://in.linkedin.com/jobs/view/data-engineer-at-dario-4175860289,5/20/2025
1536,Junior Data Engineer with Python,Volkswagen Digital:Hub,Valencia,https://es.linkedin.com/jobs/view/junior-data-engineer-with-python-at-volkswagen-digital-hub-4217480972,5/20/2025
